likes,shares,comments,engagement_rate
0.0206272849720992,0.006212161095025,0.02803738317757,0.3025679770257269
0.022801616317106,0.0061595156620163,0.0,0.1000511584010007
0.0254377525495478,0.0033693077125559,0.014018691588785,0.2222558642797246
0.0139311141042909,0.00200052645433,0.0186915887850467,0.1462033873192019
0.0372522609197614,0.0094761779415635,0.0514018691588785,0.3727552342086515
0.0409851837598614,0.0115293498289023,0.0794392523364486,0.3527468620559835
0.0282278237444679,0.0035798894445906,0.014018691588785,0.1715579583189998
0.0401192995959207,0.0100026322716504,0.014018691588785,0.1021669555894338
0.016913604002309,0.0004211634640694,0.0607476635514018,0.3486930904304934
0.0074273619395805,0.0006843906291129,0.0,0.0302022554143556
0.0237829517029055,0.0036325348775993,0.0,0.1187168776459124
0.0217625553203771,0.020479073440379,0.0186915887850467,0.206752762039485
0.0197614008081585,0.0026322716504343,0.0093457943925233,0.1434034820478626
0.0054069655570521,0.0016320084232692,0.0093457943925233,0.0747706717553627
0.0301712526457571,0.0021584627533561,0.014018691588785,0.1546044453685423
0.0215508947469694,0.0012108449591997,0.0046728971962616,0.1284362900055831
0.0231864537233019,0.0068965517241379,0.0654205607476635,0.4358234206884233
0.0257071387338849,0.0014214266912345,0.014018691588785,0.1839590835239561
0.0424475659034058,0.0076862332192682,0.0420560747663551,0.2916284414898971
0.0313257648643448,0.0012634903922084,0.0,0.1409115246405952
0.0427361939580527,0.0032113714135298,0.0046728971962616,0.1828461665710914
0.012237829517029,0.0012108449591997,0.0046728971962616,0.082696444428272
0.0229940350202039,0.0016320084232692,0.0327102803738317,0.2616500490118673
0.0386376755820665,0.0046327981047644,0.0420560747663551,0.2108372092760659
0.0241870309794111,0.0011055540931824,0.1214953271028037,0.5560978503924825
0.0231287281123725,0.0025796262174256,0.0093457943925233,0.1484983686909504
0.0155859149509332,0.0050539615688339,0.014018691588785,0.1581617976272633
0.0277660188570329,0.002684917083443,0.0420560747663551,0.3014650634265856
0.0273234558399076,0.0057909976309555,0.0,0.1008985596682051
0.0218202809313065,0.0015267175572519,0.0093457943925233,0.1600156256509906
0.026630748508755,0.0015793629902605,0.0046728971962616,0.1568318825661121
0.0269193765634019,0.0060542247959989,0.0,0.13806947981552
0.020646526842409,0.0063174519610423,0.014018691588785,0.1637946934828135
0.0407542813161439,0.0043695709397209,0.0841121495327102,0.3156190732621232
0.0349047527419665,0.009897341405633,0.0467289719626168,0.2604442403914671
0.0186068885895709,0.0017899447222953,0.014018691588785,0.1570526880257844
0.0194535308832018,0.0034219531455646,0.02803738317757,0.2323370825503128
0.0097556282470656,0.0007896814951302,0.0046728971962616,0.0689604951036371
0.0181065999615162,0.0040536983416688,0.0,0.0633906493771629
0.0030979411198768,0.0002105817320347,0.0,0.0216118860095506
0.0178564556474889,0.0011055540931824,0.02803738317757,0.2144782337244011
0.0388493361554743,0.0172150565938404,0.0186915887850467,0.2629629809467863
0.0357129112949778,0.008054751250329,0.0514018691588785,0.3065319773050862
0.0234750817779488,0.0053171887338773,0.0046728971962616,0.1280858719283163
0.0393688666538387,0.0095288233745722,0.0373831775700934,0.2492298498598994
0.0446218972484125,0.0107923137667807,0.0186915887850467,0.2149801530829935
0.018780065422359,0.0048433798367991,0.0,0.0927560490418052
0.0129112949778718,0.001000263227165,0.0093457943925233,0.1061331986757278
0.0036559553588608,0.0009476177941563,0.0233644859813084,0.0923204220671098
0.0040792765056763,0.0003685180310608,0.0,0.0233079073207657
0.0013084471810659,0.000157936299026,0.0,0.0107270191573768
0.0240715797575524,0.0030007896814951,0.0,0.1235427442674006
0.0261881854916297,0.001000263227165,0.0093457943925233,0.16188549854652
0.0205695593611699,0.0013687812582258,0.0186915887850467,0.1854116607457235
0.0144698864729651,0.0023163990523822,0.0,0.0996102533808925
0.0454877814123532,0.0027902079494603,0.014018691588785,0.2183181470429387
0.0175293438522224,0.0033166622795472,0.0186915887850467,0.1804268735602837
0.0012699634404464,0.0015267175572519,0.0046728971962616,0.0292666324456928
7.696748123917681e-05,0.0027902079494603,0.0,0.0173787027582688
0.0040407927650567,0.0013161358252171,0.0093457943925233,0.0903425828529285
0.0036174716182412,0.000157936299026,0.0,0.0298062483704911
0.0170482970944775,0.001842590155304,0.0233644859813084,0.1721724672188386
0.0036751972291706,0.0027375625164516,0.0093457943925233,0.0599957706712079
0.0112757360015393,0.004527507238747,0.0093457943925233,0.0546627272011082
0.0048297094477583,0.0034219531455646,0.0,0.0316111192453604
0.0020781219934577,0.0034745985785733,0.0,0.0171461871489689
0.0026361362324417,0.0015793629902605,0.0046728971962616,0.0422431370723201
0.012988262459111,0.0022637536193735,0.0,0.0820360356125145
0.0177987300365595,0.0079494603843116,0.1822429906542056,0.5881371531410484
0.0429670964017702,0.0096341142405896,0.0934579439252336,0.3420641439670336
0.0142582258995574,0.0072650697551987,0.2476635514018691,0.9894232750444064
0.0213777179141812,0.009897341405633,0.0093457943925233,0.1853702444998611
0.0111218010390609,0.0005264543300868,0.0,0.0531559469691774
0.0199538195112564,0.0050539615688339,0.0373831775700934,0.2847164991033309
0.0284010005772561,0.0016846538562779,0.0046728971962616,0.1514614480220571
0.0266884741196844,0.0008949723611476,0.0560747663551401,0.3951548968789319
0.0069847989224552,0.0021584627533561,0.0,0.0784076081736575
0.0261304598807004,0.0042642800737036,0.0841121495327102,0.5225436730468825
0.0046565326149701,0.0013161358252171,0.0046728971962616,0.1011712194945253
0.0263421204541081,0.0012634903922084,0.0046728971962616,0.1640755061107415
0.0219164902828554,0.0030007896814951,0.0,0.1314074637069107
0.0149894169713296,0.0009476177941563,0.0,0.071256241786355
0.0290359822974793,0.0021058173203474,0.0,0.1421132862003068
0.0283432749663267,0.0084232692813898,0.0233644859813084,0.2744034838489234
0.0309024437175293,0.0014214266912345,0.0186915887850467,0.2102784207775825
0.0173176832788147,0.0022111081863648,0.014018691588785,0.1530914436241792
0.033827208004618,0.0043695709397209,0.0093457943925233,0.1627320577192925
0.0122763132576486,0.0009476177941563,0.0093457943925233,0.102995263308293
0.0239753704060034,0.001842590155304,0.0186915887850467,0.1917201345785661
0.0256686549932653,0.0004738088970781,0.1728971962616822,0.4150386289708003
0.0259187993072926,0.0037904711766254,0.0093457943925233,0.1712069724301058
0.0313834904752741,0.0023163990523822,0.0,0.1537869392307382
0.0224745045218395,0.0041063437746775,0.0420560747663551,0.2613495539290422
0.0220126996344044,0.0018952355883127,0.014018691588785,0.1817001889423335
0.0114104290937079,0.0004211634640694,0.0046728971962616,0.100257401525302
0.0154512218587646,0.001842590155304,0.014018691588785,0.1499222757189515
0.0280931306522994,0.0083179784153724,0.0514018691588785,0.4007279945269251
0.0120646526842409,0.001842590155304,0.0233644859813084,0.170086762168557
0.0364056186261304,0.0016846538562779,0.0560747663551401,0.3727713733804806
0.031960746584568,0.003685180310608,0.0233644859813084,0.1183155147946188
0.0175101019819126,0.002684917083443,0.0,0.1044455545911596
0.0160092360977487,0.0124769676230587,0.1869158878504672,0.9829714230801908
0.0147969982682316,0.0011581995261911,0.0093457943925233,0.1130232018955035
0.0297479314989417,0.0075282969202421,0.0420560747663551,0.3620270647776648
0.0276313257648643,0.0033166622795472,0.0373831775700934,0.3118241917469633
0.0365595535886088,0.0086864964464332,0.0093457943925233,0.2224382800671926
0.0029247642870887,0.0002105817320347,0.0093457943925233,0.082531336155591
0.0292284010005772,0.0123716767570413,0.0420560747663551,0.3408127049075944
0.0215893784875889,0.0023163990523822,0.0327102803738317,0.2575849322361767
0.0307485087550509,0.0040536983416688,0.0467289719626168,0.372061471273334
0.0349239946122763,0.0015793629902605,0.014018691588785,0.2066763627801518
0.0341543197998845,0.0076862332192682,0.0420560747663551,0.3123699051867379
0.0355589763324995,0.0084759147143985,0.0747663551401869,0.4437008322373864
0.0304791225707138,0.0066333245590944,0.0093457943925233,0.1954194753861449
0.0461997306138156,0.0199526191102921,0.0747663551401869,0.4640559739501401
0.0140850490667692,0.0029481442484864,0.0046728971962616,0.1136825456925156
0.0122763132576486,0.003685180310608,0.0420560747663551,0.2647588576950048
0.0266884741196844,0.0073177151882074,0.116822429906542,0.5410689851858156
0.0163363478930152,0.0001052908660173,0.0,0.0704972478782661
0.0269193765634019,0.0017372992892866,0.0093457943925233,0.1519605128757365
0.0197614008081585,0.0043695709397209,0.0233644859813084,0.2167419885913994
0.0048297094477583,0.0002105817320347,0.0186915887850467,0.1428295178505224
0.0205310756205503,0.0017372992892866,0.0514018691588785,0.3361886791471959
0.0407735231864537,0.0074230060542247,0.0514018691588785,0.2693454149612383
0.0141812584183182,0.0112661226638589,0.0186915887850467,0.2014249058919753
0.0341735616701943,0.0085285601474072,0.116822429906542,0.3367862106701682
0.0446603809890321,0.0056330613319294,0.0420560747663551,0.4214301521861068
0.0136232441793342,0.0013687812582258,0.0046728971962616,0.1287281076854348
0.0221089089859534,0.0043695709397209,0.0233644859813084,0.227454667550953
0.0226669232249374,0.0034745985785733,0.0,0.0949644084084261
0.0296517221473927,0.0027375625164516,0.02803738317757,0.2227693098956285
0.0215124110063498,0.0004211634640694,0.0,0.0943371857714677
0.022705406965557,0.0002105817320347,0.014018691588785,0.1819671790811833
0.0114296709640177,0.0012108449591997,0.0093457943925233,0.1003328917639368
0.0270925533961901,0.000157936299026,0.0,0.1494743720476333
0.0216086203578987,0.0003685180310608,0.0,0.12844570987117
0.0212815085626322,0.0005264543300868,0.014018691588785,0.1634922729068925
0.0131037136809697,0.0002105817320347,0.0,0.0719067990693948
0.0309216855878391,5.26454330086865e-05,0.0373831775700934,0.2314622087019304
0.0127573600153934,0.0,0.0046728971962616,0.1157407515662701
0.0041562439869155,0.0,0.0093457943925233,0.0942183801575801
0.0216278622282085,0.0001052908660173,0.0514018691588785,0.3398288362089482
0.009717144506446,0.0,0.0046728971962616,0.1419431459106672
0.0242255147200307,5.26454330086865e-05,0.0093457943925233,0.1492883104055972
0.0180103906099672,0.0,0.0,0.0854425637585275
0.0202809313065229,0.000157936299026,0.0,0.0856867356653331
0.0256686549932653,0.0056330613319294,0.0,0.1428430541996292
0.0342890128920531,0.0,0.0,0.1452015475616856
0.0132576486434481,0.0,0.0093457943925233,0.1354641822445681
0.0158168173946507,0.0,0.0700934579439252,0.389361530912813
0.0276890513757937,5.26454330086865e-05,0.0794392523364486,0.433686384893141
0.0329228401000577,0.0041063437746775,0.0794392523364486,0.3503284569335967
0.0391956898210506,0.0071597788891813,0.0373831775700934,0.2629575740085981
0.002520685010583,0.0012108449591997,0.0046728971962616,0.1044773819972742
0.0264575716759669,0.0042116346406949,0.0327102803738317,0.2258556624371934
0.0037906484510294,0.0008949723611476,0.0,0.021382482055592
0.0273042139695978,0.0083179784153724,0.0654205607476635,0.4664146280152215
0.0131421974215893,0.0025269807844169,0.0,0.1226223852658164
0.0047335000962093,0.0008949723611476,0.0046728971962616,0.07612132395684
0.0274196651914566,0.0022111081863648,0.0233644859813084,0.2656042822299364
0.0134115836059264,0.0061595156620163,0.0327102803738317,0.2995245704096945
0.0054839330382913,0.0045801526717557,0.0233644859813084,0.2549756942636618
0.0101404656532614,0.0033166622795472,0.0093457943925233,0.1603323241570229
0.0054454492976717,0.0003685180310608,0.0,0.0591170258424946
0.0163363478930152,0.0002105817320347,0.0186915887850467,0.2119206936969296
0.0231287281123725,0.0010529086601737,0.0233644859813084,0.2910873455580187
0.0104483355782182,0.0012634903922084,0.0186915887850467,0.2640331658215917
0.008870502212815,0.0103711503027112,0.0093457943925233,0.2492393522246093
0.0139888397152203,0.0023163990523822,0.0,0.1277443522564741
0.0260342505291514,0.005527770465912,0.0046728971962616,0.1851375762918254
0.0212430248220127,0.0041589892076862,0.02803738317757,0.2728151885806637
0.0200115451221858,0.0073177151882074,0.0514018691588785,0.3562414830032234
0.0187608235520492,0.0035272440115819,0.0046728971962616,0.1778544128451739
0.0138541466230517,0.000157936299026,0.0046728971962616,0.1178172309589971
0.0182412930536848,0.0021584627533561,0.0186915887850467,0.1783904433958932
0.0346161246873196,0.0132666491181889,0.0186915887850467,0.3038071518197905
0.0248604964402539,0.0192155830481705,0.0420560747663551,0.3930576793529792
0.0143736771214162,0.0019478810213214,0.02803738317757,0.2024287292564446
0.0046372907446603,0.0002105817320347,0.02803738317757,0.1778468008570236
0.0111025591687512,0.0016320084232692,0.0093457943925233,0.1007620895588699
0.0164325572445641,0.0043695709397209,0.0327102803738317,0.2655062692371286
0.0298248989801808,0.0091076599105027,0.0046728971962616,0.1917920060294738
0.0248604964402539,0.0035798894445906,0.0093457943925233,0.2009966498125807
0.0290167404271695,0.0042642800737036,0.0327102803738317,0.2069221288208203
0.0228401000577256,0.0026322716504343,0.0327102803738317,0.2598474948617467
0.0116990571483548,0.0007370360621216,0.0046728971962616,0.1202970459994576
0.0213392341735616,0.0068965517241379,0.116822429906542,0.6619623782593939
0.0831441216086203,0.0271123979994735,0.1588785046728972,1.2281776647961171
0.0253415431979988,0.003685180310608,0.02803738317757,0.2784406776798163
0.0361554743121031,0.0098446959726243,0.0514018691588785,0.4140446062154697
0.0376178564556474,0.0259541984732824,0.0981308411214953,0.7379191385162553
0.0855878391379642,0.0323242958673335,0.3130841121495327,1.966819315994529
0.0206080431017894,0.0033166622795472,0.014018691588785,0.1902870974408542
0.0090244371752934,5.26454330086865e-05,0.0420560747663551,0.2727790985461446
0.01214162016548,0.0024743353514082,0.0,0.0915455156419521
0.0194920146238214,0.0100026322716504,0.0327102803738317,0.283867558733869
0.0101981912641908,0.0022637536193735,0.014018691588785,0.1575924967118137
0.0181450837021358,0.0048960252698078,0.0373831775700934,0.2835734389419028
0.017471618241293,0.0014740721242432,0.0093457943925233,0.1642928418934121
0.0,0.0007896814951302,0.0,0.0100052807956057
0.0036174716182412,0.0037378257436167,0.0186915887850467,0.1188630275400952
0.0106407542813161,0.0004211634640694,0.0186915887850467,0.1873108490881863
0.0126996344044641,0.0005264543300868,0.1962616822429906,0.9694211508211537
0.0086203578987877,0.0025269807844169,0.014018691588785,0.1148433072737892
0.0131421974215893,0.00200052645433,0.0046728971962616,0.0904271128588104
0.0141620165480084,0.001842590155304,0.02803738317757,0.2050924938090579
0.0154897055993842,0.0010529086601737,0.0093457943925233,0.1504324247275523
0.0259957667885318,0.0325348775993682,0.1308411214953271,0.5334722422476146
0.0107562055031749,0.0006843906291129,0.0093457943925233,0.0948571470491652
0.0161246873196074,0.0054224795998947,0.0,0.11977950540202
0.0187030979411198,0.0004738088970781,0.0,0.1032370482197039
0.0144891283432749,0.0006317451961042,0.0,0.1068061090416673
0.0175485857225322,0.0008949723611476,0.1261682242990654,0.6617956896587416
0.0360207812199345,0.0024743353514082,0.0327102803738317,0.3152885977099286
0.0152972868962863,0.0010529086601737,0.0420560747663551,0.3774268501872984
0.0118145083702135,0.0026322716504343,0.0046728971962616,0.0906662817425609
0.0320569559361169,0.0048960252698078,0.0794392523364486,0.4185648141525759
0.0179526649990379,0.0030534351145038,0.0093457943925233,0.1323842452179043
0.0228978256686549,0.0035798894445906,0.0186915887850467,0.2452617063689512
0.0273042139695978,0.0040536983416688,0.0794392523364486,0.6049298092699363
0.0211852992110833,0.0021058173203474,0.0560747663551401,0.3360343960884414
0.007754473734847,0.004685443537773,0.0046728971962616,0.0780930559618905
0.0172599576678853,0.0070018425901553,0.0093457943925233,0.1379305473488255
0.0170098133538579,0.003685180310608,0.0607476635514018,0.3470552119444983
0.0334808543390417,0.0037904711766254,0.0654205607476635,0.3776798307538067
0.0210890898595343,0.0082653329823637,0.02803738317757,0.2619032379146219
0.0167981527804502,0.0017372992892866,0.02803738317757,0.2125316695208427
0.0126226669232249,0.0018952355883127,0.0186915887850467,0.1423821925852008
0.9028285549355398,0.0151618847065017,0.0186915887850467,4.274478765457822
0.0245141427746777,0.0026322716504343,0.02803738317757,0.2286162322397339
0.0189724841254569,0.0077388786522769,0.0093457943925233,0.1504128030549063
0.0251491244949009,0.0018952355883127,0.0,0.1344839180372045
0.0116990571483548,0.0019478810213214,0.0,0.1006954662710187
0.0108139311141042,0.0023690444853908,0.0,0.0601595285864677
0.0087935347315759,0.0006317451961042,0.0186915887850467,0.1283092390120212
0.0069463151818356,0.0020531718873387,0.0186915887850467,0.1263661649730937
0.0194920146238214,0.0103711503027112,0.014018691588785,0.200504547426001
0.0185876467192611,0.0029481442484864,0.0373831775700934,0.2822222158561092
0.0107754473734847,0.0004211634640694,0.0747663551401869,0.4231400224735892
0.0131806811622089,0.0027902079494603,0.0046728971962616,0.1240149218450845
0.0186646142005002,0.004685443537773,0.0887850467289719,0.4702867003339783
0.0145660958245141,0.0041063437746775,0.02803738317757,0.2131568019222514
0.0133346161246873,0.0173729928928665,0.02803738317757,0.2594312958363646
0.0253030594573792,0.0043169255067122,0.0934579439252336,0.5616569738370922
0.011487396574947,0.0011581995261911,0.0046728971962616,0.0790316559972528
0.023917644795074,0.0176888654909186,0.0700934579439252,0.5097344966710469
0.0037329228401,5.26454330086865e-05,0.0,0.0206521460949054
0.0096979026361362,0.0012634903922084,0.0,0.0457186797748013
0.028689628631903,0.0007370360621216,0.0467289719626168,0.2748488278138271
0.0129305368481816,0.0044748618057383,0.0,0.0658178759090285
0.0345776409467,0.0114767043958936,0.02803738317757,0.2644203742601086
0.0078506830863959,0.0022637536193735,0.0046728971962616,0.0661691990127548
0.0129305368481816,0.0024216899183995,0.014018691588785,0.1245370094434388
0.0465076005387723,0.0280073703606212,0.2102803738317757,1.2996423723414932
0.0257071387338849,0.006370097394051,0.1495327102803738,0.5677206437993011
0.0179334231287281,0.011739931560937,0.7242990654205607,2.403739910732906
0.0236482586107369,0.0057383521979468,0.0654205607476635,0.2770801850011063
0.0112372522609197,0.0009476177941563,0.0,0.0550126230664554
0.0157975755243409,0.0074756514872334,0.0093457943925233,0.1322471461960656
0.0207042524533384,0.0042642800737036,0.0467289719626168,0.2371341889776764
0.0355974600731191,0.0071597788891813,0.0186915887850467,0.191940114453124
0.0289012892053107,0.0047907344037904,0.0794392523364486,0.516266162969351
0.0204733500096209,0.0039484074756514,0.014018691588785,0.1719964080915141
0.0813931114104291,0.0837588839168202,0.2429906542056074,1.862528623118224
0.0299211083317298,0.0045801526717557,0.02803738317757,0.2226444849640533
0.0241485472387916,0.0027902079494603,0.0046728971962616,0.1182390610960882
0.0237252260919761,0.0021584627533561,0.02803738317757,0.210198474389708
0.0088127766018857,0.0006843906291129,0.0046728971962616,0.0749505097524371
0.2304791225707138,0.1861542511187154,1.0,6.464701030340835
0.0154897055993842,0.0004738088970781,0.1495327102803738,0.5996261986650132
0.0095439676736578,0.001842590155304,0.0,0.0530332568150183
0.0137964210121223,0.0025269807844169,0.0233644859813084,0.1811127238526791
0.0170482970944775,0.0081600421163464,0.014018691588785,0.1563268984020089
0.0244949009043679,0.0052645433008686,0.0887850467289719,0.388873656879855
0.0252453338464498,0.0025269807844169,0.0233644859813084,0.1956013513785416
0.0235135655185684,0.0074230060542247,0.0841121495327102,0.3949435837404907
0.028593419280354,0.001842590155304,0.0186915887850467,0.1896706645541332
0.0146430633057533,0.003685180310608,0.0,0.089874738101435
0.031960746584568,0.0036325348775993,0.02803738317757,0.2159583831564646
0.0181450837021358,0.0075282969202421,0.0186915887850467,0.2024562379836284
0.0324802770829324,0.002684917083443,0.0327102803738317,0.3097446794241257
0.0255916875120261,0.002684917083443,0.0046728971962616,0.1503626006123705
0.0209159130267462,0.0079494603843116,0.0,0.1317249845283881
0.0130844718106599,0.0005790997630955,0.0,0.0623526925678352
0.0176832788147007,0.0158989207686233,0.0560747663551401,0.4091428952927449
1.0,0.0340615951566201,0.1261682242990654,5.294622482126901
0.017567827592842,0.0064753882600684,0.0700934579439252,0.42958570889964
0.0175870694631518,0.0022111081863648,0.014018691588785,0.1543207674392098
0.0246103521262266,0.0050539615688339,0.014018691588785,0.1586458174329277
0.029805657109871,0.0096867596735983,0.0373831775700934,0.3383405497460877
0.0160477198383682,0.002684917083443,0.02803738317757,0.2086760938658653
0.0177794881662497,0.0017372992892866,0.0046728971962616,0.1103878266575279
0.0191264190879353,0.0034219531455646,0.0093457943925233,0.1239046554537541
0.0196074658456802,0.0050539615688339,0.0093457943925233,0.1424513594496647
0.0185876467192611,0.0093182416425375,0.0514018691588785,0.3619150524617971
0.0163940735039445,0.0025796262174256,0.3364485981308411,1.3877750412120942
0.0211083317298441,0.00200052645433,0.0,0.1137297385461317
0.0369443909948046,0.0028954988154777,0.1962616822429906,0.9685653562256512
0.0145276120838945,0.00200052645433,0.0327102803738317,0.2246958623063664
0.0172599576678853,0.0015793629902605,0.0327102803738317,0.2352427700027795
0.0320954396767365,0.0070018425901553,0.0654205607476635,0.3308527458186856
0.0269578603040215,0.0181100289549881,0.0373831775700934,0.3762593106885666
0.0242062728497209,0.0055804158989207,0.0560747663551401,0.372240984466364
0.0340773523186453,0.0094235325085548,0.0420560747663551,0.390432821299989
0.0147007889166827,0.0025269807844169,0.0,0.0898965726181131
0.0216278622282085,0.0005790997630955,0.0887850467289719,0.5035309289409328
0.0216855878391379,0.0035272440115819,0.0233644859813084,0.1897810514596922
0.0217817971906869,0.0021058173203474,0.014018691588785,0.1660397498431962
0.0061573984991341,0.0004211634640694,0.0,0.0300207781996009
0.0112372522609197,0.0013687812582258,0.02803738317757,0.1854732090008146
0.0053107562055031,0.0006317451961042,0.0,0.0490393554747474
0.0163555897633249,0.0017372992892866,0.0560747663551401,0.3346907570876272
0.0215508947469694,0.0112661226638589,0.0887850467289719,0.4916077319029386
0.0143544352511064,0.0011581995261911,0.0046728971962616,0.0940780269622322
0.0256878968635751,0.009897341405633,0.1074766355140186,0.5119146330943855
0.0096979026361362,0.0041589892076862,0.1682242990654205,0.6898516454812303
0.0193958052722724,0.0027375625164516,0.0233644859813084,0.2076260715074101
0.0137194535308832,0.0052645433008686,0.0607476635514018,0.4360489956755515
0.0247258033480854,0.00200052645433,0.014018691588785,0.1821167033882583
0.0150663844525687,0.0010529086601737,0.0,0.1048122936515205
0.0099865306907831,0.0003158725980521,0.0,0.0470142511063846
0.0280161631710602,0.0051066070018425,0.0654205607476635,0.4100249168657926
0.037098325957283,0.0099499868386417,0.0841121495327102,0.5010740243935978
0.0113719453530883,0.0014214266912345,0.0,0.0721014720260145
0.0178949393881085,0.0034219531455646,0.0,0.1005006592682686
0.0349432364825861,0.0036325348775993,0.02803738317757,0.255081100305403
0.0265730228978256,0.0033166622795472,0.02803738317757,0.3078368644997087
0.009062920915913,0.0003158725980521,0.0,0.0427994265977079
0.0189147585145276,0.0302711239799947,0.0841121495327102,0.6082956543262791
0.0230710025014431,0.0017372992892866,0.1355140186915887,0.6357585520071096
0.0164710409851837,0.0033693077125559,0.0327102803738317,0.2417084637505795
0.0144891283432749,0.0007370360621216,0.0046728971962616,0.0908078875086964
0.0159707523571291,0.0022111081863648,0.0093457943925233,0.1256204057682686
0.0042332114681547,0.0007370360621216,0.0046728971962616,0.044005773693598
0.0225322301327689,0.0005264543300868,0.014018691588785,0.1968294622513371
0.0107754473734847,0.0008423269281389,0.0,0.053016848884741
0.0202424475659034,0.0158989207686233,0.0233644859813084,0.2531466035183632
0.017375408889744,0.0011581995261911,0.0046728971962616,0.1059011622400674
0.0256878968635751,0.0038431166096341,0.0560747663551401,0.390655608810178
0.0282470656147777,0.002684917083443,0.2009345794392523,0.9260956417091144
0.037098325957283,0.0140036851803106,0.1635514018691588,0.9795548841383924
0.0184337117567827,0.0034219531455646,0.014018691588785,0.163709957479712
0.0255916875120261,0.0010529086601737,0.116822429906542,0.5434425409802948
0.0192033865691745,0.0022637536193735,0.0186915887850467,0.1596265540936214
0.0335000962093515,0.0057909976309555,0.0700934579439252,0.4291269897441882
0.0186261304598807,0.0042116346406949,0.0514018691588785,0.2934104555089032
0.026534539157206,0.0009476177941563,0.0794392523364486,0.3897938941308364
0.0230902443717529,0.0106343774677546,0.0887850467289719,0.5590637601306376
0.0813738695401193,0.0452750723874703,0.7476635514018691,3.9898600311430688
0.026630748508755,0.00200052645433,0.0186915887850467,0.2159543687965486
0.0166634596882817,0.0012634903922084,0.0093457943925233,0.124457140830825
0.0177410044256301,0.0037904711766254,0.0,0.0982572873799706
0.0321339234173561,0.006370097394051,0.397196261682243,1.9882858313727656
0.0334231287281123,0.0065280336930771,0.5420560747663551,1.7984770208373166
0.0410621512411006,0.0131613582521716,0.8130841121495327,2.5766244549459114
0.0162978641523956,0.0002632271650434,0.0,0.0763444400976808
0.0468731960746584,0.0188470650171097,0.9158878504672896,2.606862820737246
0.0217240715797575,0.0016846538562779,0.0046728971962616,0.1041286563756557
0.0401192995959207,0.0225322453277178,0.4813084112149532,1.658429831608145
0.0256301712526457,0.0013687812582258,0.0420560747663551,0.2681193301557126
0.0248027708293246,0.0023163990523822,0.0186915887850467,0.2205779868506253
0.0216855878391379,0.0013161358252171,0.0,0.102909681956335
0.0154897055993842,0.0021584627533561,0.0233644859813084,0.1808617578822272
0.0154704637290744,0.0003158725980521,0.0093457943925233,0.1428761373540855
0.0083317298441408,5.26454330086865e-05,0.014018691588785,0.1022347292820114
0.02149316913604,0.0090023690444853,0.0046728971962616,0.1422812946685839
0.0245333846449874,0.0017372992892866,0.0186915887850467,0.1928157648828703
0.0403886857802578,0.0112134772308502,0.0607476635514018,0.3550567243054083
0.0395612853569366,0.0037378257436167,0.0373831775700934,0.2684209731047107
0.0350009620935154,0.0076335877862595,0.0046728971962616,0.1972840894697335
0.027381181450837,0.0014214266912345,0.0186915887850467,0.2167362350149344
0.0290167404271695,0.009739405106607,0.0327102803738317,0.3261317188910013
0.0324995189532422,0.0089497236114767,0.02803738317757,0.212494535041244
0.0205888012314797,0.0014740721242432,0.014018691588785,0.1687603568559349
0.0186068885895709,0.0036325348775993,0.0186915887850467,0.1536257732587948
0.0253030594573792,0.0016320084232692,0.0,0.1128868661872319
0.0413700211660573,0.0081073966833377,0.0327102803738317,0.2611061701695011
0.04485279969213,0.0160568570676493,0.0887850467289719,0.5024221432940242
0.0131229555512795,0.0028954988154777,0.014018691588785,0.1589378386794739
0.0148739657494708,0.0019478810213214,0.0654205607476635,0.3753071094446988
0.020742736193958,0.0085812055804158,0.0934579439252336,0.4155936928995326
0.0144121608620357,0.0018952355883127,0.0186915887850467,0.1597152658650729
0.0293630940927458,0.0052645433008686,0.0186915887850467,0.1883819057298111
0.0422166634596882,0.0141616214793366,0.0747663551401869,0.4257455867011663
0.019338079661343,0.0059489339299815,0.0420560747663551,0.3073151746795345
0.0163940735039445,0.0115293498289023,0.0093457943925233,0.170075302971097
0.016259380411776,0.0044748618057383,0.0046728971962616,0.1033559446666423
0.0273234558399076,0.0324295867333508,0.1074766355140186,0.7631401972543074
0.0266692322493746,0.0078968149513029,0.0467289719626168,0.2819726951146541
0.0188570329035982,0.0013161358252171,0.0093457943925233,0.1347075925566518
0.0104868193188377,0.0060015793629902,0.0093457943925233,0.1178924185238037
0.0192611121801039,0.0007896814951302,0.0607476635514018,0.3156175494288627
0.0262459111025591,0.0034745985785733,0.014018691588785,0.1759284345234879
0.0258995574369828,0.0040536983416688,0.0046728971962616,0.1580138735759695
0.0350202039638252,0.0641747828375888,0.014018691588785,0.5166422003963387
0.0289397729459303,0.0112134772308502,0.02803738317757,0.2266448849208845
0.0156436405618626,0.0021584627533561,0.0,0.0850369287251494
0.007754473734847,0.0006317451961042,0.0,0.0434249388867553
0.0264190879353473,0.0031587259805211,0.014018691588785,0.1626714246070999
0.0230902443717529,0.0052118978678599,0.014018691588785,0.1584022238124845
0.0129497787184914,0.0007370360621216,0.0186915887850467,0.1477564363365058
0.0173369251491244,0.0013161358252171,0.0373831775700934,0.2557172065706616
0.0106792380219357,0.0026322716504343,0.0046728971962616,0.0820705030483068
0.0218587646719261,0.0024743353514082,0.014018691588785,0.1877966739780012
0.0281893400038483,0.0077915240852856,0.0514018691588785,0.3987646035693839
0.012334038868578,0.0004211634640694,0.0233644859813084,0.2357459595621436
0.0219164902828554,0.0063174519610423,0.0327102803738317,0.2496248686595636
0.0135655185684048,0.0054224795998947,0.0,0.086650317296299
0.0158168173946507,0.0081073966833377,0.0,0.1062220534662253
0.0125264575716759,0.0023163990523822,0.0046728971962616,0.0890586909593433
0.0148932076197806,0.0075809423532508,0.0046728971962616,0.1177569322368941
0.0104675774485279,0.0018952355883127,0.0046728971962616,0.0940401077189659
0.0151818356744275,0.0013687812582258,0.0327102803738317,0.2247984407873787
0.0295747546661535,0.0054751250329033,0.0233644859813084,0.2518681980456277
0.0259572830479122,0.001842590155304,0.0373831775700934,0.256391602381513
0.0136617279199538,0.0020531718873387,0.0,0.0667509765963545
0.0637868000769674,0.0274809160305343,0.0560747663551401,0.6723864592491525
0.0199538195112564,0.0035798894445906,0.0046728971962616,0.118359226027244
0.0132576486434481,0.0043695709397209,0.014018691588785,0.1444137617812866
0.00559938426015,0.0011581995261911,0.0046728971962616,0.0792339834007364
0.0062343659803732,0.0012108449591997,0.0093457943925233,0.0766245039026294
0.0098325957283047,0.0020531718873387,0.0,0.0542398164396816
0.0152010775447373,0.008212687549355,0.0046728971962616,0.1238396952776817
0.0164517991148739,0.0045801526717557,0.0,0.1070257458385379
0.0075812969020588,0.0011581995261911,0.0093457943925233,0.1006866582813264
0.0230132768905137,0.0132666491181889,0.0373831775700934,0.3473808764053769
0.0083894554550702,0.0022111081863648,0.0,0.0741022999138718
0.0078506830863959,0.0073703606212161,0.0794392523364486,0.4319752200773479
0.0177217625553203,0.0172150565938404,0.0046728971962616,0.1866646205523916
0.0100057725610929,0.0054751250329033,0.0046728971962616,0.0944305415770844
0.008312487973831,0.0005790997630955,0.0,0.0405760992730052
0.0205310756205503,0.0006843906291129,0.0,0.1098667280146593
0.0203194150471425,0.0038957620426428,0.0093457943925233,0.1531529970636458
0.009717144506446,0.0056857067649381,0.0,0.0702897660987432
0.7176640369443911,1.0,0.3551401869158878,9.459087898505274
0.0143159515104868,0.0042116346406949,0.0093457943925233,0.1448871866408218
0.004290937079084,0.0011581995261911,0.0046728971962616,0.046191148367146
0.0086973253800269,0.0009476177941563,0.0,0.0576718887879122
0.0241677891091014,0.0046327981047644,0.0233644859813084,0.2418625979457592
0.0180681162208966,0.0010529086601737,0.0046728971962616,0.1158866074733344
0.0110833172984414,0.004527507238747,0.0186915887850467,0.1712061537277505
0.0232826630748508,0.0037904711766254,0.0,0.1530470438054577
0.0092553396190109,0.0003158725980521,0.0046728971962616,0.0650019338177718
0.0085626322878583,0.0014214266912345,0.014018691588785,0.1612973193406717
0.0085241485472387,0.0024216899183995,0.0046728971962616,0.0712749384571824
0.0107562055031749,0.0049486707028165,0.0046728971962616,0.0929924532036881
0.007754473734847,0.0008423269281389,0.0,0.0392308603876105
0.0098710794689243,0.0022111081863648,0.0,0.0727162382390776
0.0111218010390609,0.0018952355883127,0.0093457943925233,0.1021884548856419
0.0126996344044641,0.0034745985785733,0.0093457943925233,0.1164587467253064
0.0106215124110063,0.004527507238747,0.0186915887850467,0.154429099496687
0.0137194535308832,0.005527770465912,0.0467289719626168,0.3418889930160104
0.0135655185684048,0.0091603053435114,0.014018691588785,0.1676808633966537
0.0084856648066192,0.0010529086601737,0.0,0.0598521179502976
0.0078314412160862,5.26454330086865e-05,0.0,0.0359784429975415
0.0073119107177217,0.0012108449591997,0.02803738317757,0.1668394742857794
0.0117375408889744,0.0022111081863648,0.0046728971962616,0.1002668020140247
0.0151625938041177,0.0033693077125559,0.0093457943925233,0.1459364719902649
0.0177987300365595,0.0008423269281389,0.0420560747663551,0.2769868459462815
0.0102944006157398,0.0020531718873387,0.0,0.0689924971869269
0.0063305753319222,0.0038957620426428,0.0,0.0466671299644651
0.0106792380219357,0.0013687812582258,0.0,0.079572363361143
0.0137386954011929,0.0015793629902605,0.0186915887850467,0.1552004952211786
0.0205118337502405,0.008897078178468,0.0887850467289719,0.5113739242064221
0.0117567827592842,0.0002105817320347,0.0514018691588785,0.4101198177342414
0.0127573600153934,0.0007370360621216,0.014018691588785,0.125553929116441
0.0125072157013661,0.0027375625164516,0.0,0.0851807363792262
0.0127766018857032,0.0007896814951302,0.0233644859813084,0.198177840898676
0.0272657302289782,0.0032113714135298,0.0233644859813084,0.2457020803345694
0.0150086588416394,0.0006843906291129,0.014018691588785,0.1355873203386216
0.0204348662690013,0.0035272440115819,0.0186915887850467,0.2596715581178214
0.0258610736963632,0.0074756514872334,0.014018691588785,0.2161029221013893
0.0182797767943044,0.0013687812582258,0.02803738317757,0.2176112458794755
0.0147007889166827,0.004527507238747,0.0,0.1211741329376408
0.0202424475659034,0.0132666491181889,0.0514018691588785,0.3874848768688053
0.015605156821243,0.0015793629902605,0.014018691588785,0.1947116939795456
0.0151241100634981,0.0021058173203474,0.0093457943925233,0.1212763295998754
0.0145468539542043,0.0018952355883127,0.0700934579439252,0.394898534360913
0.0083702135847604,0.0065280336930771,0.0093457943925233,0.134987978372828
0.0166249759476621,0.0017899447222953,0.0093457943925233,0.1674953913483401
0.0124494900904367,0.0044748618057383,0.02803738317757,0.2051795337139034
0.012988262459111,0.002684917083443,0.0046728971962616,0.1043308401472297
0.0160477198383682,0.0038431166096341,0.0093457943925233,0.1640389638835607
0.029998075812969,0.0104764411687286,0.0186915887850467,0.2490054885007395
0.0168366365210698,0.0024743353514082,0.0046728971962616,0.1239830425100379
0.0130075043294208,0.0044222163727296,0.0093457943925233,0.1589546972394184
0.025880315566673,0.008054751250329,0.0186915887850467,0.2656068938137286
0.0209159130267462,0.0013687812582258,0.0,0.1259132950798653
0.0132576486434481,0.0069491971571466,0.0046728971962616,0.1230133000610227
0.0144698864729651,0.0032640168465385,0.0046728971962616,0.1182128346387818
0.0233019049451606,0.005369834166886,0.0607476635514018,0.3655013960878659
0.0090244371752934,0.0003685180310608,0.0093457943925233,0.1012422389347057
0.0111602847796805,0.0005264543300868,0.0,0.053331564657039
0.0197036751972291,0.0035272440115819,0.0233644859813084,0.2126346657760949
0.0121608620357898,0.0028954988154777,0.0,0.0782710385931063
0.0125649413122955,0.0024743353514082,0.02803738317757,0.196577133104147
0.0243409659418895,0.009739405106607,0.0233644859813084,0.2589739421150018
0.0172214739272657,0.0017372992892866,0.0420560747663551,0.0610148479829074
0.0258610736963632,0.0047907344037904,0.0,0.1672043004427597
0.0078314412160862,0.0005790997630955,0.0,0.0383808781747363
0.0101404656532614,0.0040010529086601,0.02803738317757,0.2186735500868594
0.0106407542813161,0.0054751250329033,0.0186915887850467,0.1588412916595686
0.0179911487396574,0.0121610950250065,0.014018691588785,0.1963050328221056
0.015605156821243,0.0043695709397209,0.02803738317757,0.2293635987808596
0.0123532807388878,0.0014740721242432,0.014018691588785,0.1270733526419682
0.0300173176832788,0.0109502500658067,0.0420560747663551,0.3419063428876546
0.0177410044256301,0.0107923137667807,0.02803738317757,0.2581561879212047
0.012892053107562,0.0034745985785733,0.0,0.0850188171125082
0.0254762362901674,0.0021584627533561,0.0420560747663551,0.3209714890864618
0.0033288435635943,0.0002632271650434,0.0093457943925233,0.0990788327440285
0.0183182605349239,0.004527507238747,0.0093457943925233,0.1689660565915268
0.0020011545122185,0.0002105817320347,0.0,0.0150637318191878
0.0195882239753704,0.0037378257436167,0.02803738317757,0.2362675270291942
0.0278045025976524,0.0099499868386417,0.116822429906542,0.5714230579870015
0.0027323455839907,0.0005264543300868,0.0186915887850467,0.1190818795910776
0.0109101404656532,0.0029481442484864,0.0093457943925233,0.1058900890625497
0.0135847604387146,0.00200052645433,0.0514018691588785,0.3056909040767864
0.0045795651337309,0.0020531718873387,0.0186915887850467,0.1521821687216572
0.0114104290937079,0.0014214266912345,0.0,0.0719742662098116
0.0071964594958629,0.0005264543300868,0.0186915887850467,0.120540617930328
0.0112372522609197,0.001842590155304,0.0,0.05968888797575
0.0329613238406773,0.0033693077125559,0.0,0.1695531478974427
0.0289590148162401,0.0041589892076862,0.0186915887850467,0.2184764669437521
0.0180488743505868,0.0017899447222953,0.0186915887850467,0.1758306503325487
0.0199538195112564,0.0008423269281389,0.0186915887850467,0.1908459052551845
0.0135270348277852,0.0045801526717557,0.0046728971962616,0.1113206361488476
0.0083317298441408,0.000157936299026,0.0,0.03874195997518
0.0178179719068693,0.0013687812582258,0.0,0.0875573209405966
0.0233019049451606,0.0020531718873387,0.014018691588785,0.197549851774851
0.0093515489705599,0.0014214266912345,0.0046728971962616,0.0704860919095353
0.0143159515104868,0.0015267175572519,0.0233644859813084,0.1789189358021397
0.0202616894362132,0.0032113714135298,0.02803738317757,0.2422328689337383
0.0122763132576486,0.0041589892076862,0.0046728971962616,0.1141552865251743
0.0103328843563594,0.0054224795998947,0.0,0.0718984315159303
0.0077929574754666,0.0007370360621216,0.0046728971962616,0.0602504098207898
0.0164133153742543,0.0026322716504343,0.014018691588785,0.1508863761011888
0.0112949778718491,0.0006843906291129,0.0,0.0546669571177133
0.0136809697902636,0.0018952355883127,0.0,0.0710808546726771
0.0299595920723494,0.0467491445117136,0.0514018691588785,0.5846232203234465
0.0165287665961131,0.0081073966833377,0.0046728971962616,0.1463630288163427
0.0229363094092745,0.006370097394051,0.0373831775700934,0.3173583364934852
0.0279776794304406,0.0047907344037904,0.0327102803738317,0.277766827294382
0.0171252645757167,0.0059489339299815,0.0467289719626168,0.3185415764082532
0.0121608620357898,0.0014214266912345,0.0093457943925233,0.1046306019041839
0.0281123725226091,0.0122137404580152,0.102803738317757,0.5648730351904064
0.0307485087550509,0.0147407212424322,0.0841121495327102,0.467340971965499
0.0161439291899172,0.0093182416425375,0.0093457943925233,0.1315980976632638
0.0207812199345776,0.0108449591997894,0.0373831775700934,0.2974585667937868
0.0300365595535886,0.0099499868386417,0.0607476635514018,0.4350518073222297
0.0098133538579949,0.0011581995261911,0.0,0.0500678677945196
0.0112372522609197,0.0013687812582258,0.0186915887850467,0.1428243714393013
0.0089474696940542,0.0009476177941563,0.0093457943925233,0.1260863751015893
0.0284394843178757,0.0099499868386417,0.0186915887850467,0.2773753032031488
0.0123147969982682,0.0064227428270597,0.0,0.1034448118336108
0.0173176832788147,0.0330086864964464,0.0046728971962616,0.2509850639285744
0.0279007119492014,0.0051066070018425,0.0046728971962616,0.1733690463259932
0.0210698479892245,0.0039484074756514,0.0233644859813084,0.252110803401419
0.017375408889744,0.009739405106607,0.0093457943925233,0.1663852744091032
0.0188185491629786,0.0070018425901553,0.0373831775700934,0.2579446789866479
0.0340196267077159,0.0300078968149513,0.0700934579439252,0.4733189235119757
0.0176832788147007,0.0022111081863648,0.02803738317757,0.2187330680011334
0.0154512218587646,0.0061068702290076,0.014018691588785,0.1473880122912613
0.0118145083702135,0.0003685180310608,0.0233644859813084,0.1622184287013107
0.0172022320569559,0.001842590155304,0.0233644859813084,0.1996541872523447
0.0233403886857802,0.0050539615688339,0.0046728971962616,0.1703350606418018
0.0117567827592842,0.0004738088970781,0.0093457943925233,0.1442748304881193
0.0159899942274389,0.0055804158989207,0.0,0.1431979563217207
0.011025591687512,0.0018952355883127,0.0467289719626168,0.2722074220177989
0.0166249759476621,0.0051592524348512,0.0093457943925233,0.1480887818213856
0.0075043294208197,0.0004211634640694,0.0,0.0361673972747546
0.0084279391956898,0.0010529086601737,0.0046728971962616,0.064589562776822
0.0399653646334423,0.0191629376151618,0.0560747663551401,0.4647885545080503
0.0131421974215893,0.0007370360621216,0.0093457943925233,0.1059856872142996
0.0255724456417163,0.0108976046327981,0.014018691588785,0.2180002518452282
0.0179334231287281,0.0073703606212161,0.0514018691588785,0.3565397151901202
0.0109871079468924,0.0060015793629902,0.0233644859813084,0.2101915877946535
0.0218587646719261,0.0175309291918926,0.02803738317757,0.258752225415929
0.0177987300365595,0.0051066070018425,0.02803738317757,0.2226849985235618
0.0328843563594381,0.0137931034482758,0.0186915887850467,0.2983067910432166
0.0143544352511064,0.0041589892076862,0.0327102803738317,0.2540369307157523
0.0211275736001539,0.0021584627533561,0.0233644859813084,0.2417658629204891
0.0112372522609197,0.0008423269281389,0.0,0.0551242611390791
0.0127766018857032,0.0031060805475125,0.0,0.0857779416019835
0.0214546853954204,0.0082653329823637,0.0046728971962616,0.1481092709696546
0.0192995959207234,0.0040010529086601,0.0607476635514018,0.395581107353873
0.0207042524533384,0.0244274809160305,0.0934579439252336,0.6324436839064891
0.0086588416394073,0.0015793629902605,0.0093457943925233,0.1142300294582083
0.0191841446988647,0.0051592524348512,0.0654205607476635,0.4295985013713146
0.0147007889166827,0.0046327981047644,0.0046728971962616,0.1095518051031784
0.0092938233596305,5.26454330086865e-05,0.0,0.0426519151362796
0.019992303251876,0.005527770465912,0.0233644859813084,0.2518595791973346
0.016721185299211,0.0047907344037904,0.0046728971962616,0.1417623573500651
0.0233981142967096,0.0075809423532508,0.02803738317757,0.2693171334559605
0.0295747546661535,0.0039484074756514,0.0327102803738317,0.319273544111829
0.008966711564364,0.0028954988154777,0.0046728971962616,0.0921859700504709
0.0120646526842409,0.0040010529086601,0.0,0.0882196713657357
0.0130459880700404,0.0006843906291129,0.0046728971962616,0.0839819806961696
0.0178949393881085,0.0054751250329033,0.0186915887850467,0.2593154509330009
0.0094862420627284,0.0019478810213214,0.014018691588785,0.1161520265557592
0.0208581874158168,0.0002632271650434,0.014018691588785,1.187902820277831
0.0069270733115258,5.26454330086865e-05,0.02803738317757,0.1597979400173354
0.0139503559746007,0.0001052908660173,0.0,0.8483302492933384
0.0063883009428516,5.26454330086865e-05,0.0,0.0293927797027338
0.0139695978449105,0.0,0.0046728971962616,1.3626729290912838
0.0186261304598807,0.0001052908660173,0.0186915887850467,1.8463573447969768
0.0202039638252838,0.0002105817320347,0.0046728971962616,1.1819684125891707
0.0184721954974023,0.0001052908660173,0.0,1.4874338286873332
0.0122570713873388,0.0,0.0,1.652348655199266
0.0173561670194342,0.0033166622795472,0.0046728971962616,0.963172374619642
0.0253030594573792,0.000157936299026,0.0046728971962616,6.20668577299439
0.0155281893400038,5.26454330086865e-05,0.0467289719626168,0.2843461683774158
0.0047719838368289,0.0,0.0233644859813084,1.4569432212558142
0.0197614008081585,0.0004211634640694,0.0327102803738317,2.382586138585034
0.0214739272657302,0.0,0.02803738317757,2.2212337379931264
0.0151625938041177,0.000157936299026,0.0093457943925233,0.1125629371321154
0.0118529921108331,0.000157936299026,0.0,0.9520422023986512
0.0064652684240908,0.0,0.0420560747663551,0.2214235405875483
0.0163940735039445,0.0,0.0,11.79649398129327
0.0293823359630556,0.000157936299026,0.0514018691588785,11.440510937678052
0.0579757552434096,0.0002105817320347,0.102803738317757,15.016525440564324
0.0178949393881085,0.0,0.0233644859813084,13.368536386070172
0.0188955166442178,0.0,0.0093457943925233,0.1286708341237218
0.0142582258995574,0.0003158725980521,0.0,6.729104177988144
0.0170482970944775,0.0,0.0327102803738317,0.2270695671879561
0.014200500288628,0.0,0.0,0.0
