id,post_id,likes,comments,shares,contains_emoji,does_not_contain_emoji,contains_hashtag,accounts_reached,followers_gained,hashtag_count,year,month,week,day,hour,caption_length,day_of_week,media_type_VIDEO,media_type_CAROUSEL,media_type_PHOTO,day_posted_monday,day_posted_tuesday,day_posted_wednesday,day_posted_thursday,day_posted_friday,day_posted_saturday,day_posted_sunday
25,17861135372809410,0.014200500288628,0.0,0.0,0,1,1,0.0166651876830242,0.0,0.3333333333333333,2022,12,48,4,20,0.1173333333333333,7,0,0,0,0,0,0,0,0,0,1
24,17950603340470010,0.0170482970944775,0.0327102803738317,0.0,0,1,1,0.0,0.0,0.3333333333333333,2022,12,49,5,17,0.1653333333333333,1,1,0,0,1,0,0,0,0,0,0
23,18191906815232317,0.0142582258995574,0.0,0.0003158725980521,0,1,1,0.0187949241281391,0.0,0.6666666666666666,2022,12,49,7,2,0.1226666666666666,3,0,0,0,0,0,1,0,0,0,0
22,17957685317071869,0.0188955166442178,0.0093457943925233,0.0,0,1,1,0.0165764486644777,0.0,0.3333333333333333,2022,12,49,7,22,0.0693333333333333,3,0,0,0,0,0,1,0,0,0,0
21,17932921427575161,0.0178949393881085,0.0233644859813084,0.0,0,1,1,0.0197000621173129,0.0,0.3333333333333333,2022,12,49,8,20,0.072,4,0,0,0,0,0,0,1,0,0,0
20,17962325864130041,0.0579757552434096,0.102803738317757,0.0002105817320347,0,1,1,0.027207383086343,0.0277777777777777,0.3333333333333333,2022,12,49,9,18,0.0853333333333333,5,0,0,0,0,0,0,0,1,0,0
19,18333195979029632,0.0293823359630556,0.0514018691588785,0.000157936299026,0,1,1,0.0236223267370662,0.0,0.3333333333333333,2022,12,49,10,22,0.072,6,0,0,0,0,0,0,0,0,1,0
18,17939507480344050,0.0163940735039445,0.0,0.0,0,1,1,0.0180317685686396,0.0,0.3333333333333333,2022,12,49,11,22,0.1733333333333333,7,0,0,0,0,0,0,0,0,0,1
17,17996663542587706,0.0064652684240908,0.0420560747663551,0.0,0,1,1,0.0,0.0,0.3333333333333333,2022,12,50,12,23,0.0506666666666666,1,1,0,0,1,0,0,0,0,0,0
16,17922015185525999,0.0118529921108331,0.0,0.000157936299026,0,1,1,0.0290709024758186,0.0,0.6666666666666666,2022,12,50,13,23,0.0933333333333333,2,0,0,0,0,1,0,0,0,0,0
15,18088704355308827,0.0151625938041177,0.0093457943925233,0.000157936299026,0,1,1,0.0,0.0,0.3333333333333333,2022,12,50,14,21,0.0453333333333333,3,1,0,0,0,0,1,0,0,0,0
14,17954555852496484,0.0214739272657302,0.02803738317757,0.0,0,1,1,0.0385837252639985,0.0,0.3333333333333333,2022,12,50,15,21,0.0773333333333333,4,0,0,0,0,0,0,1,0,0,0
13,17966600714030523,0.0197614008081585,0.0327102803738317,0.0004211634640694,0,1,1,0.0384949862454521,0.0277777777777777,0.3333333333333333,2022,12,50,16,21,0.1946666666666666,5,0,0,0,0,0,0,0,1,0,0
12,17997498121598661,0.0047719838368289,0.0233644859813084,0.0,1,0,1,0.0356553376519655,0.0,0.3333333333333333,2022,12,50,18,0,0.0346666666666666,7,0,0,0,0,0,0,0,0,0,1
11,17876625467746784,0.0155281893400038,0.0467289719626168,5.26454330086865e-05,0,1,1,0.0,0.0,0.3333333333333333,2022,12,50,18,20,0.0613333333333333,7,1,0,0,0,0,0,0,0,0,1
10,17969929837997627,0.0253030594573792,0.0046728971962616,0.000157936299026,0,1,1,0.0214393468808235,0.0277777777777777,0.3333333333333333,2022,12,51,19,22,0.112,1,0,0,0,1,0,0,0,0,0,0
9,17940108779371698,0.0173561670194342,0.0046728971962616,0.0033166622795472,0,1,1,0.0425414854911704,0.0,0.6666666666666666,2022,12,51,20,22,0.0533333333333333,2,0,0,0,0,1,0,0,0,0,0
8,17988728809677025,0.0122570713873388,0.0,0.0,0,1,1,0.0239595350075428,0.0,0.3333333333333333,2022,12,51,21,23,0.1066666666666666,3,0,0,0,0,0,1,0,0,0,0
7,17983663879759666,0.0184721954974023,0.0,0.0001052908660173,0,1,1,0.0289466678498535,0.0,0.3333333333333333,2022,12,51,22,22,0.0666666666666666,4,0,0,0,0,0,0,1,0,0,0
6,17976175438920484,0.0202039638252838,0.0046728971962616,0.0002105817320347,0,1,1,0.0375366048451504,0.0,0.3333333333333333,2022,12,51,23,20,0.0853333333333333,5,0,0,0,0,0,0,0,1,0,0
5,17984233804780098,0.0186261304598807,0.0186915887850467,0.0001052908660173,0,1,1,0.0365959712485579,0.0,0.3333333333333333,2022,12,51,24,20,0.0533333333333333,6,0,0,0,0,0,0,0,0,1,0
4,18012009793500627,0.0139695978449105,0.0046728971962616,0.0,0,1,1,0.0301180228946667,0.0,0.3333333333333333,2022,12,51,25,19,0.1306666666666666,7,0,0,0,0,0,0,0,0,0,1
3,18041645797398660,0.0063883009428516,0.0,5.26454330086865e-05,0,1,1,0.0,0.0,0.3333333333333333,2022,12,52,27,2,0.048,2,1,0,0,0,1,0,0,0,0,0
2,17976043120924705,0.0139503559746007,0.0,0.0001052908660173,0,1,1,0.0329576714881533,0.0,0.6666666666666666,2022,12,52,27,21,0.0533333333333333,2,0,0,0,0,1,0,0,0,0,0
1,17937988115579175,0.0069270733115258,0.02803738317757,5.26454330086865e-05,0,1,1,0.0,0.0,0.3333333333333333,2022,12,52,28,23,0.0453333333333333,3,1,0,0,0,0,1,0,0,0,0
25,17946961130303960,0.0208581874158168,0.014018691588785,0.0002632271650434,0,1,1,0.0457538379625521,0.0,0.3333333333333333,2022,12,52,29,23,0.0853333333333333,4,0,0,0,0,0,0,1,0,0,0
24,17984605681799959,0.0094862420627284,0.014018691588785,0.0019478810213214,0,1,1,0.0,0.0,0.3333333333333333,2022,12,52,31,2,0.08,6,1,0,0,0,0,0,0,0,1,0
23,17958393617196835,0.0178949393881085,0.0186915887850467,0.0054751250329033,1,0,1,0.1761646996184222,0.1111111111111111,0.3333333333333333,2023,1,52,1,1,0.1226666666666666,7,0,0,0,0,0,0,0,0,0,1
22,17964997598300748,0.0130459880700404,0.0046728971962616,0.0006843906291129,1,0,1,0.0,0.0,0.3333333333333333,2023,1,1,2,0,0.1733333333333333,1,1,0,0,1,0,0,0,0,0,0
21,17954813813170470,0.0120646526842409,0.0,0.0040010529086601,0,1,1,0.1957405271097701,0.0277777777777777,0.6666666666666666,2023,1,1,4,1,0.0533333333333333,3,0,0,0,0,0,1,0,0,0,0
20,18309617407079213,0.008966711564364,0.0046728971962616,0.0028954988154777,0,1,1,0.1930428609459579,0.0,0.3333333333333333,2023,1,1,4,21,0.104,3,0,0,0,0,0,1,0,0,0,0
19,18265426612114687,0.0295747546661535,0.0327102803738317,0.0039484074756514,1,0,1,0.2206584435176146,0.0555555555555555,0.3333333333333333,2023,1,1,6,2,0.1413333333333333,5,0,0,0,0,0,0,0,1,0,0
18,18237736639157404,0.0233981142967096,0.02803738317757,0.0075809423532508,1,0,1,0.0,0.0,0.3333333333333333,2023,1,1,7,0,0.032,6,1,0,0,0,0,0,0,0,1,0
17,17989168309690074,0.016721185299211,0.0046728971962616,0.0047907344037904,0,1,1,0.198296210843908,0.0555555555555555,0.3333333333333333,2023,1,1,7,21,0.0773333333333333,6,0,0,0,0,0,0,0,0,1,0
16,17996214205625161,0.019992303251876,0.0233644859813084,0.005527770465912,1,0,1,0.2075250687727393,0.0277777777777777,0.3333333333333333,2023,1,1,8,22,0.0399999999999999,7,0,0,0,0,0,0,0,0,0,1
15,17993977339648002,0.0092938233596305,0.0,5.26454330086865e-05,0,1,1,0.0,0.0,0.3333333333333333,2023,1,2,9,22,0.0559999999999999,1,1,0,0,1,0,0,0,0,0,0
14,17973628075967576,0.0147007889166827,0.0046728971962616,0.0046327981047644,0,1,1,0.0,0.0,0.3333333333333333,2023,1,2,11,19,0.0506666666666666,3,1,0,0,0,0,1,0,0,0,0
13,17968264226104059,0.0191841446988647,0.0654205607476635,0.0051592524348512,0,1,1,0.2221315112254858,0.0,0.3333333333333333,2023,1,2,12,18,0.072,4,0,0,0,0,0,0,1,0,0,0
12,18021512953474053,0.0086588416394073,0.0093457943925233,0.0015793629902605,0,1,1,0.1852515751175792,0.0,0.3333333333333333,2023,1,2,13,22,0.0426666666666666,5,0,0,0,0,0,0,0,1,0,0
11,17900479667721703,0.0207042524533384,0.0934579439252336,0.0244274809160305,0,1,1,0.0,0.0,0.3333333333333333,2023,1,2,15,0,0.1413333333333333,7,1,0,0,0,0,0,0,0,0,1
10,18335391664029081,0.0192995959207234,0.0607476635514018,0.0040010529086601,0,1,1,0.2255923329487975,0.0833333333333333,0.3333333333333333,2023,1,2,15,20,0.1386666666666666,7,0,0,0,0,0,0,0,0,0,1
9,17876047223807270,0.0214546853954204,0.0046728971962616,0.0082653329823637,0,1,1,0.2450084302067619,0.25,0.3333333333333333,2023,1,3,16,21,0.0399999999999999,1,0,0,0,1,0,0,0,0,0,0
8,18338062618036727,0.0127766018857032,0.0,0.0031060805475125,0,1,1,0.1987399059366403,0.0,0.6666666666666666,2023,1,3,17,22,0.1173333333333333,2,0,0,0,0,1,0,0,0,0,0
7,17950212857290030,0.0112372522609197,0.0,0.0008423269281389,0,1,1,0.0,0.0,0.3333333333333333,2023,1,3,18,23,0.1093333333333333,3,1,0,0,0,0,1,0,0,0,0
6,18008622781535569,0.0211275736001539,0.0233644859813084,0.0021584627533561,0,1,1,0.206406957139054,0.0277777777777777,0.3333333333333333,2023,1,3,19,23,0.0506666666666666,4,0,0,0,0,0,0,1,0,0,0
5,17995154986639120,0.0143544352511064,0.0327102803738317,0.0041589892076862,1,0,1,0.214943650723223,0.0,0.3333333333333333,2023,1,3,20,20,0.0586666666666666,5,0,0,0,0,0,0,0,1,0,0
4,18021149353484184,0.0328843563594381,0.0186915887850467,0.0137931034482758,0,1,1,0.0,0.0,0.3333333333333333,2023,1,3,22,0,0.0533333333333333,7,1,0,0,0,0,0,0,0,0,1
3,18001671589579897,0.0177987300365595,0.02803738317757,0.0051066070018425,0,1,1,0.2416185996982873,0.25,0.3333333333333333,2023,1,3,22,20,0.0906666666666666,7,0,0,0,0,0,0,0,0,0,1
2,17976372211954946,0.0218587646719261,0.02803738317757,0.0175309291918926,0,1,1,0.2729079776377673,0.1388888888888889,0.3333333333333333,2023,1,4,23,21,0.1013333333333333,1,0,0,0,1,0,0,0,0,0,0
1,18161322310276287,0.0109871079468924,0.0233644859813084,0.0060015793629902,0,1,1,0.2054485757387523,0.0,0.3333333333333333,2023,1,4,24,20,0.0773333333333333,2,0,0,0,0,1,0,0,0,0,0
25,17979922921900527,0.0179334231287281,0.0514018691588785,0.0073703606212161,0,1,1,0.2282190078977726,0.0,0.3333333333333333,2023,1,4,25,21,0.144,3,0,0,0,0,0,1,0,0,0,0
24,17844833918918933,0.0255724456417163,0.014018691588785,0.0108976046327981,0,1,1,0.244405004880646,0.0277777777777777,0.3333333333333333,2023,1,4,26,22,0.1093333333333333,4,0,0,0,0,0,0,1,0,0,0
23,17988189367763906,0.0131421974215893,0.0093457943925233,0.0007370360621216,0,1,1,0.0,0.0,0.3333333333333333,2023,1,4,28,2,0.112,6,1,0,0,0,0,0,0,0,1,0
22,17958341789158114,0.0399653646334423,0.0560747663551401,0.0191629376151618,1,0,1,0.2603957760227172,0.3611111111111111,0.3333333333333333,2023,1,4,28,17,0.12,6,0,0,0,0,0,0,0,0,1,0
21,17967093812173801,0.0084279391956898,0.0046728971962616,0.0010529086601737,0,1,1,0.0,0.0,0.6666666666666666,2023,1,5,30,0,0.1413333333333333,1,1,0,0,1,0,0,0,0,0,0
20,17992413304683037,0.0075043294208197,0.0,0.0004211634640694,0,1,1,0.0,0.0,0.3333333333333333,2023,1,5,30,23,0.0773333333333333,1,1,0,0,1,0,0,0,0,0,0
19,17953920989387142,0.0166249759476621,0.0093457943925233,0.0051592524348512,0,1,1,0.2233738574851362,0.0,0.6666666666666666,2023,1,5,31,20,0.104,2,0,0,0,0,1,0,0,0,0,0
18,17937956984606893,0.011025591687512,0.0467289719626168,0.0018952355883127,0,1,1,0.0,0.0,0.3333333333333333,2023,2,5,1,19,0.08,3,1,0,0,0,0,1,0,0,0,0
17,17963736044213187,0.0159899942274389,0.0,0.0055804158989207,0,1,1,0.1647883574407667,0.1111111111111111,0.3333333333333333,2023,2,5,2,20,0.0746666666666666,4,0,0,0,0,0,0,1,0,0,0
16,17970805826111622,0.0117567827592842,0.0093457943925233,0.0004738088970781,0,1,1,0.1637234892182092,0.0,0.3333333333333333,2023,2,5,3,15,0.0586666666666666,5,0,0,0,0,0,0,0,1,0,0
15,17984509426738813,0.0233403886857802,0.0046728971962616,0.0050539615688339,1,0,1,0.2075605643801579,0.0555555555555555,0.3333333333333333,2023,2,5,4,22,0.0559999999999999,6,0,0,0,0,0,0,0,0,1,0
14,17946387941357341,0.0172022320569559,0.0233644859813084,0.001842590155304,0,1,1,0.2255390895376697,0.0833333333333333,0.3333333333333333,2023,2,5,5,20,0.1253333333333333,7,0,0,0,0,0,0,0,0,0,1
13,17975786464891509,0.0118145083702135,0.0233644859813084,0.0003685180310608,1,0,1,0.0,0.0,0.3333333333333333,2023,2,6,6,20,0.1413333333333333,1,1,0,0,1,0,0,0,0,0,0
12,18052987672382738,0.0154512218587646,0.014018691588785,0.0061068702290076,0,1,1,0.2540243144910817,0.1111111111111111,0.6666666666666666,2023,2,6,7,20,0.112,2,0,0,0,0,1,0,0,0,0,0
11,17940894521608155,0.0176832788147007,0.02803738317757,0.0022111081863648,0,1,1,0.0,0.0,0.3333333333333333,2023,2,6,8,22,0.0693333333333333,3,1,0,0,0,0,1,0,0,0,0
10,17941566833576328,0.0340196267077159,0.0700934579439252,0.0300078968149513,1,0,1,0.2953057059188925,0.2222222222222222,0.3333333333333333,2023,2,6,10,0,0.0826666666666666,5,0,0,0,0,0,0,0,1,0,0
9,17957082437460452,0.0188185491629786,0.0373831775700934,0.0070018425901553,0,1,1,0.2576093708403585,0.1111111111111111,0.3333333333333333,2023,2,6,10,17,0.104,5,0,0,0,0,0,0,0,1,0,0
8,17970104378130488,0.017375408889744,0.0093457943925233,0.009739405106607,0,1,1,0.0,0.0,0.3333333333333333,2023,2,6,11,23,0.064,6,1,0,0,0,0,0,0,0,1,0
7,17944740794397694,0.0210698479892245,0.0233644859813084,0.0039484074756514,1,0,1,0.2053775845239151,0.0277777777777777,0.3333333333333333,2023,2,7,13,3,0.1013333333333333,1,0,0,0,1,0,0,0,0,0,0
6,18002471692608206,0.0279007119492014,0.0046728971962616,0.0051066070018425,1,0,1,0.2303842399503061,0.2222222222222222,0.3333333333333333,2023,2,7,13,4,0.1493333333333333,1,0,0,0,1,0,0,0,0,0,0
5,17994288157708582,0.0173176832788147,0.0046728971962616,0.0330086864964464,0,1,1,0.0,0.0,0.3333333333333333,2023,2,7,14,0,0.0773333333333333,2,1,0,0,0,1,0,0,0,0,0
4,17968440542171427,0.0123147969982682,0.0,0.0064227428270597,0,1,1,0.1947821457094684,0.0,0.3333333333333333,2023,2,7,14,22,0.0559999999999999,2,0,0,0,0,1,0,0,0,0,0
3,17952394475308791,0.0284394843178757,0.0186915887850467,0.0099499868386417,1,0,1,0.2190256455763599,0.0277777777777777,0.3333333333333333,2023,2,7,16,1,0.0453333333333333,4,0,0,0,0,0,0,1,0,0,0
2,17966018468190816,0.0089474696940542,0.0093457943925233,0.0009476177941563,0,1,1,0.1667228680450794,0.0,0.3333333333333333,2023,2,7,16,19,0.0559999999999999,4,0,0,0,0,0,0,1,0,0,0
1,17979631531962300,0.0112372522609197,0.0186915887850467,0.0013687812582258,0,1,1,0.0,0.0,0.3333333333333333,2023,2,7,18,1,0.1013333333333333,6,1,0,0,0,0,0,0,0,1,0
25,17947888316359605,0.0098133538579949,0.0,0.0011581995261911,0,1,1,0.0,0.0,0.3333333333333333,2023,2,7,18,22,0.0426666666666666,6,1,0,0,0,0,0,0,0,1,0
24,17967048164321913,0.0300365595535886,0.0607476635514018,0.0099499868386417,1,0,1,0.2443517614695181,0.0277777777777777,0.3333333333333333,2023,2,7,19,20,0.1093333333333333,7,0,0,0,0,0,0,0,0,0,1
23,18346234003029119,0.0207812199345776,0.0373831775700934,0.0108449591997894,0,1,1,0.2447954565622504,0.0,0.3333333333333333,2023,2,8,20,22,0.1013333333333333,1,0,0,0,1,0,0,0,0,0,0
22,17989155028874779,0.0161439291899172,0.0093457943925233,0.0093182416425375,0,1,1,0.2767592510426834,0.0833333333333333,0.6666666666666666,2023,2,8,21,23,0.1146666666666666,2,0,0,0,0,1,0,0,0,0,0
21,18349751908041601,0.0307485087550509,0.0841121495327102,0.0147407212424322,1,0,1,0.2893601916762801,0.0555555555555555,0.3333333333333333,2023,2,8,22,23,0.048,3,0,0,0,0,0,1,0,0,0,0
20,17948388080586428,0.0281123725226091,0.102803738317757,0.0122137404580152,0,1,1,0.2658266039577602,0.1388888888888889,0.3333333333333333,2023,2,8,23,23,0.1519999999999999,4,0,0,0,0,0,0,1,0,0,0
19,17997658750711260,0.0121608620357898,0.0093457943925233,0.0014214266912345,1,0,1,0.0,0.0,0.3333333333333333,2023,2,8,25,0,0.0693333333333333,6,1,0,0,0,0,0,0,0,1,0
18,17983577068908368,0.0171252645757167,0.0467289719626168,0.0059489339299815,0,1,1,0.0,0.0,0.3333333333333333,2023,2,8,25,23,0.0586666666666666,6,1,0,0,0,0,0,0,0,1,0
17,18095217259313249,0.0279776794304406,0.0327102803738317,0.0047907344037904,0,1,1,0.2484692519300736,0.0,0.6666666666666666,2023,2,8,26,21,0.1013333333333333,7,0,0,0,0,0,0,0,0,0,1
16,17861970377852822,0.0229363094092745,0.0373831775700934,0.006370097394051,0,1,1,0.223302866270299,0.0,0.3333333333333333,2023,2,9,27,23,0.064,1,0,0,0,1,0,0,0,0,0,0
15,17999411647628870,0.0165287665961131,0.0046728971962616,0.0081073966833377,0,1,1,0.2135770698376076,0.0,0.3333333333333333,2023,2,9,28,23,0.0853333333333333,2,0,0,0,0,1,0,0,0,0,0
14,17919299642678993,0.0299595920723494,0.0514018691588785,0.0467491445117136,0,1,1,0.0,0.0,0.3333333333333333,2023,3,9,2,2,0.1493333333333333,4,1,0,0,0,0,0,1,0,0,0
13,18167891869281427,0.0136809697902636,0.0,0.0018952355883127,0,1,1,0.0,0.0,0.3333333333333333,2023,3,9,3,0,0.064,5,1,0,0,0,0,0,0,1,0,0
12,17955099170306268,0.0112949778718491,0.0,0.0006843906291129,0,1,1,0.0,0.0,0.3333333333333333,2023,3,9,3,23,0.1573333333333333,5,1,0,0,0,0,0,0,1,0,0
11,18176477560269624,0.0164133153742543,0.014018691588785,0.0026322716504343,0,1,1,0.0,0.0,0.3333333333333333,2023,3,9,5,1,0.1173333333333333,7,1,0,0,0,0,0,0,0,0,1
10,17962144676166090,0.0077929574754666,0.0046728971962616,0.0007370360621216,0,1,1,0.0,0.0,0.6666666666666666,2023,3,10,6,0,0.12,1,1,0,0,1,0,0,0,0,0,0
9,17884399928800623,0.0103328843563594,0.0,0.0054224795998947,0,1,1,0.0,0.0,0.3333333333333333,2023,3,10,6,23,0.1013333333333333,1,1,0,0,1,0,0,0,0,0,0
8,17977112497930609,0.0122763132576486,0.0046728971962616,0.0041589892076862,0,1,1,0.1984914366847102,0.0277777777777777,0.6666666666666666,2023,3,10,7,22,0.0533333333333333,2,0,0,0,0,1,0,0,0,0,0
7,17920424924680506,0.0202616894362132,0.02803738317757,0.0032113714135298,1,0,1,0.2257698109858905,0.0,0.3333333333333333,2023,3,10,8,20,0.1173333333333333,3,0,0,0,0,0,1,0,0,0,0
6,17859195527910916,0.0143159515104868,0.0233644859813084,0.0015267175572519,1,0,1,0.0,0.0,0.3333333333333333,2023,3,10,9,23,0.1093333333333333,4,1,0,0,0,0,0,1,0,0,0
5,17883114041812435,0.0093515489705599,0.0046728971962616,0.0014214266912345,1,0,1,0.0,0.0,0.3333333333333333,2023,3,10,11,2,0.0853333333333333,6,1,0,0,0,0,0,0,0,1,0
4,17958455357517492,0.0233019049451606,0.014018691588785,0.0020531718873387,0,1,1,0.2126541840447244,0.0277777777777777,0.3333333333333333,2023,3,10,12,0,0.032,7,0,0,0,0,0,0,0,0,0,1
3,17942111696612242,0.0178179719068693,0.0,0.0013687812582258,0,1,1,0.0,0.0,0.3333333333333333,2023,3,10,12,21,0.1493333333333333,7,1,0,0,0,0,0,0,0,0,1
2,18007913161600141,0.0083317298441408,0.0,0.000157936299026,0,1,1,0.0,0.0,0.3333333333333333,2023,3,11,13,22,0.0746666666666666,1,1,0,0,1,0,0,0,0,0,0
1,17928975590557755,0.0135270348277852,0.0046728971962616,0.0045801526717557,0,1,1,0.2178897861389652,0.0,0.6666666666666666,2023,3,11,14,23,0.0933333333333333,2,0,0,0,0,1,0,0,0,0,0
25,17957282882300932,0.0199538195112564,0.0186915887850467,0.0008423269281389,0,1,1,0.2201260094063359,0.0277777777777777,0.3333333333333333,2023,3,11,15,20,0.0853333333333333,3,0,0,0,0,0,1,0,0,0,0
24,17883593438810189,0.0180488743505868,0.0186915887850467,0.0017899447222953,0,1,1,0.0,0.0,0.3333333333333333,2023,3,11,16,19,0.1226666666666666,4,1,0,0,0,0,0,1,0,0,0
23,18348758455027237,0.0289590148162401,0.0186915887850467,0.0041589892076862,0,1,1,0.2498535806193983,0.0277777777777777,0.3333333333333333,2023,3,11,18,1,0.1173333333333333,6,0,0,0,0,0,0,0,0,1,0
22,17904323513674320,0.0329613238406773,0.0,0.0033693077125559,0,1,1,0.2273671133197266,0.0,0.3333333333333333,2023,3,11,19,1,0.1333333333333333,7,0,0,0,0,0,0,0,0,0,1
21,18079564768341433,0.0112372522609197,0.0,0.001842590155304,0,1,1,0.0,0.0,0.6666666666666666,2023,3,11,19,23,0.088,7,1,0,0,0,0,0,0,0,0,1
20,18170882497278575,0.0071964594958629,0.0186915887850467,0.0005264543300868,0,1,1,0.0,0.0,0.3333333333333333,2023,3,12,20,23,0.0266666666666666,1,1,0,0,1,0,0,0,0,0,0
19,18167934202283467,0.0114104290937079,0.0,0.0014214266912345,0,1,1,0.1919779927234004,0.0,0.6666666666666666,2023,3,12,21,20,0.1653333333333333,2,0,0,0,0,1,0,0,0,0,0
18,18351213772012183,0.0045795651337309,0.0186915887850467,0.0020531718873387,1,0,1,0.180299937882687,0.1111111111111111,0.3333333333333333,2023,3,12,22,20,0.104,3,0,0,0,0,0,1,0,0,0,0
17,17911889483717327,0.0135847604387146,0.0514018691588785,0.00200052645433,0,1,1,0.0,0.0,0.3333333333333333,2023,3,12,22,21,0.1226666666666666,3,1,0,0,0,0,1,0,0,0,0
16,17961536867381952,0.0109101404656532,0.0093457943925233,0.0029481442484864,0,1,1,0.0,0.0,0.3333333333333333,2023,3,12,23,18,0.1013333333333333,4,1,0,0,0,0,0,1,0,0,0
15,18002429548647802,0.0027323455839907,0.0186915887850467,0.0005264543300868,1,0,1,0.1979235069660129,0.0,0.3333333333333333,2023,3,12,23,22,0.0959999999999999,4,0,0,0,0,0,0,1,0,0,0
14,17972296571480018,0.0278045025976524,0.116822429906542,0.0099499868386417,0,1,1,0.2826692696778773,0.3055555555555555,0.3333333333333333,2023,3,12,24,22,0.0453333333333333,5,0,0,0,0,0,0,0,1,0,0
13,17948696864412774,0.0195882239753704,0.02803738317757,0.0037378257436167,0,1,1,0.230437483361434,0.0,0.3333333333333333,2023,3,12,25,22,0.0826666666666666,6,0,0,0,0,0,0,0,0,1,0
12,17975756935997022,0.0020011545122185,0.0,0.0002105817320347,1,0,1,0.1610435708581063,0.0555555555555555,0.3333333333333333,2023,3,12,26,17,0.0986666666666666,7,0,0,0,0,0,0,0,0,0,1
11,18360975400058497,0.0183182605349239,0.0093457943925233,0.004527507238747,0,1,1,0.2040110036382997,0.0,0.6666666666666666,2023,3,12,26,22,0.128,7,0,0,0,0,0,0,0,0,0,1
10,17991317860861696,0.0033288435635943,0.0093457943925233,0.0002632271650434,1,0,1,0.1450705475197444,0.0,0.3333333333333333,2023,3,13,27,19,0.12,1,0,0,0,1,0,0,0,0,0,0
9,17970476591213065,0.0254762362901674,0.0420560747663551,0.0021584627533561,0,1,1,0.2301712663057946,0.0,0.3333333333333333,2023,3,13,27,21,0.08,1,0,0,0,1,0,0,0,0,0,0
8,17975071337133636,0.012892053107562,0.0,0.0034745985785733,0,1,1,0.2059632620463217,0.0555555555555555,0.6666666666666666,2023,3,13,28,20,0.1573333333333333,2,0,0,0,0,1,0,0,0,0,0
7,18021056824516573,0.0177410044256301,0.02803738317757,0.0107923137667807,0,1,1,0.0,0.0,0.3333333333333333,2023,3,13,29,19,0.072,3,1,0,0,0,0,1,0,0,0,0
6,18210900739213326,0.0300173176832788,0.0420560747663551,0.0109502500658067,1,0,1,0.255444138787825,0.0555555555555555,0.3333333333333333,2023,3,13,30,19,0.0693333333333333,4,0,0,0,0,0,0,1,0,0,0
5,17999949409734728,0.0123532807388878,0.014018691588785,0.0014740721242432,0,1,1,0.0,0.0,0.3333333333333333,2023,3,13,31,21,0.104,5,1,0,0,0,0,0,0,1,0,0
4,18183017380252918,0.015605156821243,0.02803738317757,0.0043695709397209,0,1,1,0.2225042151033809,0.0555555555555555,0.3333333333333333,2023,4,13,1,19,0.0373333333333333,6,0,0,0,0,0,0,0,0,1,0
3,18242119852089219,0.0179911487396574,0.014018691588785,0.0121610950250065,1,0,1,0.2379270565267548,0.2777777777777778,0.3333333333333333,2023,4,13,2,22,0.0666666666666666,7,0,0,0,0,0,0,0,0,0,1
2,17853591407945713,0.0106407542813161,0.0186915887850467,0.0054751250329033,0,1,1,0.0,0.0,0.3333333333333333,2023,4,14,3,22,0.0506666666666666,1,1,0,0,1,0,0,0,0,0,0
1,17984725162841195,0.0101404656532614,0.02803738317757,0.0040010529086601,0,1,1,0.2063359659242168,0.0277777777777777,0.6666666666666666,2023,4,14,5,0,0.0533333333333333,3,0,0,0,0,0,1,0,0,0,0
25,17968794137117175,0.0078314412160862,0.0,0.0005790997630955,0,1,1,0.0,0.0,0.3333333333333333,2023,4,14,5,23,0.12,3,1,0,0,0,0,1,0,0,0,0
24,17984946319971584,0.0258610736963632,0.0,0.0047907344037904,0,1,1,0.1969296299582926,0.0,0.3333333333333333,2023,4,14,6,22,0.104,4,0,0,0,0,0,0,1,0,0,0
23,17988768241903993,0.0172214739272657,0.0420560747663551,0.0017372992892866,0,1,1,1.0,0.0277777777777777,0.3333333333333333,2023,4,14,7,20,0.4879999999999999,5,0,0,0,0,0,0,0,1,0,0
22,17983081409047487,0.0243409659418895,0.0233644859813084,0.009739405106607,0,1,1,0.2347856952702103,0.1111111111111111,0.3333333333333333,2023,4,14,9,16,0.088,7,0,0,0,0,0,0,0,0,0,1
21,17950807103410785,0.0125649413122955,0.02803738317757,0.0024743353514082,1,0,1,0.0,0.0,0.3333333333333333,2023,4,15,10,20,0.0959999999999999,1,1,0,0,1,0,0,0,0,0,0
20,18250284715153277,0.0121608620357898,0.0,0.0028954988154777,1,0,1,0.2058212796166474,0.0555555555555555,0.6666666666666666,2023,4,15,11,21,0.128,2,0,0,0,0,1,0,0,0,0,0
19,17869663043839405,0.0197036751972291,0.0233644859813084,0.0035272440115819,0,1,1,0.0,0.0,0.3333333333333333,2023,4,15,12,21,0.0986666666666666,3,1,0,0,0,0,1,0,0,0,0
18,17985054077001298,0.0111602847796805,0.0,0.0005264543300868,0,1,1,0.0,0.0,0.3333333333333333,2023,4,15,13,21,0.0559999999999999,4,1,0,0,0,0,0,1,0,0,0
17,17985260317875457,0.0090244371752934,0.0093457943925233,0.0003685180310608,1,0,1,0.1986689147218031,0.0,0.3333333333333333,2023,4,15,14,20,0.0773333333333333,5,0,0,0,0,0,0,0,1,0,0
16,17961193697518741,0.0233019049451606,0.0607476635514018,0.005369834166886,0,1,1,0.2572366669624634,0.0,0.3333333333333333,2023,4,15,15,21,0.12,6,0,0,0,0,0,0,0,0,1,0
15,17990136679800686,0.0144698864729651,0.0046728971962616,0.0032640168465385,0,1,1,0.203052622237998,0.0,0.3333333333333333,2023,4,16,17,20,0.0426666666666666,1,0,0,0,1,0,0,0,0,0,0
14,17982978986020786,0.0132576486434481,0.0046728971962616,0.0069491971571466,0,1,1,0.2155470760493389,0.0277777777777777,0.6666666666666666,2023,4,16,18,20,0.1333333333333333,2,0,0,0,0,1,0,0,0,0,0
13,18204018790223391,0.0209159130267462,0.0,0.0013687812582258,1,0,1,0.1907001508563315,0.0,0.3333333333333333,2023,4,16,19,21,0.0906666666666666,3,0,0,0,0,0,1,0,0,0,0
12,17996038669875833,0.025880315566673,0.0186915887850467,0.008054751250329,0,1,1,0.2115005768036205,0.0277777777777777,0.3333333333333333,2023,4,16,20,20,0.1413333333333333,4,0,0,0,0,0,0,1,0,0,0
11,17967821705167707,0.0130075043294208,0.0093457943925233,0.0044222163727296,0,1,1,0.1823054397018368,0.0,0.3333333333333333,2023,4,16,21,21,0.08,5,0,0,0,0,0,0,0,1,0,0
10,18218153143174859,0.0168366365210698,0.0046728971962616,0.0024743353514082,0,1,1,0.2068861478392049,0.0,0.3333333333333333,2023,4,16,22,23,0.0426666666666666,6,0,0,0,0,0,0,0,0,1,0
9,17844326783977082,0.029998075812969,0.0186915887850467,0.0104764411687286,0,1,1,0.2503150235158399,0.0277777777777777,0.6666666666666666,2023,4,16,23,22,0.1253333333333333,7,0,0,0,0,0,0,0,0,0,1
8,17945358917618425,0.0160477198383682,0.0093457943925233,0.0038431166096341,0,1,1,0.1919247493122726,0.0277777777777777,0.3333333333333333,2023,4,17,24,21,0.0773333333333333,1,0,0,0,1,0,0,0,0,0,0
7,17905893953767578,0.012988262459111,0.0046728971962616,0.002684917083443,0,1,1,0.2084302067619132,0.0,0.6666666666666666,2023,4,17,25,22,0.0693333333333333,2,0,0,0,0,1,0,0,0,0,0
6,17889269999760884,0.0124494900904367,0.02803738317757,0.0044748618057383,0,1,1,0.0,0.0,0.3333333333333333,2023,4,17,26,21,0.08,3,1,0,0,0,0,1,0,0,0,0
5,18046150120441664,0.0166249759476621,0.0093457943925233,0.0017899447222953,0,1,1,0.1796432691454432,0.0,0.3333333333333333,2023,4,17,28,2,0.0586666666666666,5,0,0,0,0,0,0,0,1,0,0
4,18026252593512619,0.0083702135847604,0.0093457943925233,0.0065280336930771,1,0,1,0.1932735823941787,0.1111111111111111,0.3333333333333333,2023,4,17,28,21,1.0,5,0,0,0,0,0,0,0,1,0,0
3,17992783816786622,0.0145468539542043,0.0700934579439252,0.0018952355883127,0,1,1,0.0,0.0,0.3333333333333333,2023,4,17,29,21,0.0453333333333333,6,1,0,0,0,0,0,0,0,1,0
2,18358117867015737,0.0151241100634981,0.0093457943925233,0.0021058173203474,1,0,1,0.0,0.0,0.3333333333333333,2023,4,17,30,21,0.0559999999999999,7,1,0,0,0,0,0,0,0,0,1
1,17987425843989180,0.015605156821243,0.014018691588785,0.0015793629902605,0,1,1,0.1742479368178187,0.0,0.3333333333333333,2023,4,17,30,22,0.1146666666666666,7,0,0,0,0,0,0,0,0,0,1
25,17974889750497085,0.0202424475659034,0.0514018691588785,0.0132666491181889,0,1,1,0.0,0.0,0.3333333333333333,2023,5,18,1,23,0.1466666666666666,1,1,0,0,1,0,0,0,0,0,0
24,17879446364808395,0.0147007889166827,0.0,0.004527507238747,1,0,1,0.1727038778951104,0.0555555555555555,0.3333333333333333,2023,5,18,2,22,0.0666666666666666,2,0,0,0,0,1,0,0,0,0,0
23,17976497036224768,0.0182797767943044,0.02803738317757,0.0013687812582258,0,1,1,0.0,0.0,0.3333333333333333,2023,5,18,4,2,0.0906666666666666,4,1,0,0,0,0,0,1,0,0,0
22,17995060402881676,0.0258610736963632,0.014018691588785,0.0074756514872334,1,0,1,0.0,0.0,0.3333333333333333,2023,5,18,4,21,0.1173333333333333,4,1,0,0,0,0,0,1,0,0,0
21,17978968388029244,0.0204348662690013,0.0186915887850467,0.0035272440115819,0,1,1,0.1781879492412814,0.0833333333333333,0.3333333333333333,2023,5,18,6,0,0.0693333333333333,6,0,0,0,0,0,0,0,0,1,0
20,17994663889745998,0.0150086588416394,0.014018691588785,0.0006843906291129,0,1,1,0.0,0.0,0.3333333333333333,2023,5,18,6,23,0.1093333333333333,6,1,0,0,0,0,0,0,0,1,0
19,18294526012101628,0.0272657302289782,0.0233644859813084,0.0032113714135298,0,1,1,0.0,0.0,0.3333333333333333,2023,5,18,7,19,0.0906666666666666,7,1,0,0,0,0,0,0,0,0,1
18,17861970422935291,0.0127766018857032,0.0233644859813084,0.0007896814951302,0,1,1,0.1999112609814535,0.0,0.3333333333333333,2023,5,19,8,21,0.1146666666666666,1,0,0,0,1,0,0,0,0,0,0
17,18207318505222304,0.0125072157013661,0.0,0.0027375625164516,1,0,1,0.1926524092643535,0.0,0.3333333333333333,2023,5,19,9,22,0.0533333333333333,2,0,0,0,0,1,0,0,0,0,0
16,18092175115331142,0.0127573600153934,0.014018691588785,0.0007370360621216,0,1,1,0.0,0.0,0.3333333333333333,2023,5,19,11,2,0.0933333333333333,4,1,0,0,0,0,0,1,0,0,0
15,18078364834361591,0.0117567827592842,0.0514018691588785,0.0002105817320347,1,0,1,0.1686041352382642,0.0,0.3333333333333333,2023,5,19,11,21,0.0506666666666666,4,0,0,0,0,0,0,1,0,0,0
14,18015090505528514,0.0205118337502405,0.0887850467289719,0.008897078178468,0,1,1,0.2439435619842044,0.0555555555555555,0.3333333333333333,2023,5,19,12,20,0.0986666666666666,5,0,0,0,0,0,0,0,1,0,0
13,17965575365413320,0.0137386954011929,0.0186915887850467,0.0015793629902605,0,1,1,0.0,0.0,0.3333333333333333,2023,5,19,14,0,0.1093333333333333,7,1,0,0,0,0,0,0,0,0,1
12,17987028404048868,0.0106792380219357,0.0,0.0013687812582258,0,1,1,0.1655515130002662,0.0,0.3333333333333333,2023,5,19,14,23,0.112,7,0,0,0,0,0,0,0,0,0,1
11,18215514568161966,0.0063305753319222,0.0,0.0038957620426428,0,1,1,0.0,0.0,0.3333333333333333,2023,5,20,15,21,0.0533333333333333,1,1,0,0,1,0,0,0,0,0,0
10,17866612190922361,0.0102944006157398,0.0,0.0020531718873387,0,1,1,0.1926524092643535,0.0,0.6666666666666666,2023,5,20,16,22,0.0693333333333333,2,0,0,0,0,1,0,0,0,0,0
9,17985625226080048,0.0177987300365595,0.0420560747663551,0.0008423269281389,1,0,1,0.0,0.0,0.3333333333333333,2023,5,20,18,0,0.1893333333333333,4,1,0,0,0,0,0,1,0,0,0
8,18357137881010707,0.0151625938041177,0.0093457943925233,0.0033693077125559,0,1,1,0.2045079421421599,0.0,0.3333333333333333,2023,5,20,18,22,0.0293333333333333,4,0,0,0,0,0,0,1,0,0,0
7,18001135456768605,0.0117375408889744,0.0046728971962616,0.0022111081863648,0,1,1,0.1992900878516283,0.0,0.3333333333333333,2023,5,20,19,21,0.0666666666666666,5,0,0,0,0,0,0,0,1,0,0
6,17864673692930660,0.0073119107177217,0.02803738317757,0.0012108449591997,0,1,1,0.0,0.0,0.3333333333333333,2023,5,20,20,21,0.0533333333333333,6,1,0,0,0,0,0,0,0,1,0
5,17965741394285994,0.0078314412160862,0.0,5.26454330086865e-05,1,0,1,0.0,0.0,0.3333333333333333,2023,5,20,21,21,0.136,7,1,0,0,0,0,0,0,0,0,1
4,17980834643174728,0.0084856648066192,0.0,0.0010529086601737,0,1,1,0.1733782944360635,0.0,0.6666666666666666,2023,5,21,23,22,0.112,2,0,0,0,0,1,0,0,0,0,0
3,17891905772821863,0.0135655185684048,0.014018691588785,0.0091603053435114,0,1,1,0.0,0.0,0.3333333333333333,2023,5,21,25,23,0.0453333333333333,4,1,0,0,0,0,0,1,0,0,0
2,18024256129495534,0.0137194535308832,0.0467289719626168,0.005527770465912,0,1,1,0.2064247049427633,0.0,0.3333333333333333,2023,5,21,26,19,0.0533333333333333,5,0,0,0,0,0,0,0,1,0,0
1,18061062259400472,0.0106215124110063,0.0186915887850467,0.004527507238747,1,0,1,0.0,0.0,0.3333333333333333,2023,5,22,29,0,0.1146666666666666,1,1,0,0,1,0,0,0,0,0,0
25,17957595818603093,0.0126996344044641,0.0093457943925233,0.0034745985785733,0,1,1,0.0,0.0,0.3333333333333333,2023,5,22,29,22,0.0533333333333333,1,1,0,0,1,0,0,0,0,0,0
24,17954024423613372,0.0111218010390609,0.0093457943925233,0.0018952355883127,1,0,1,0.2318573076581773,0.0,0.6666666666666666,2023,5,22,30,23,0.2133333333333333,2,0,0,0,0,1,0,0,0,0,0
23,17997263173754204,0.0098710794689243,0.0,0.0022111081863648,0,1,1,0.1800514686307569,0.0,0.3333333333333333,2023,6,22,2,19,0.0266666666666666,5,0,0,0,0,0,0,0,1,0,0
22,17982510587010742,0.007754473734847,0.0,0.0008423269281389,1,0,1,0.0,0.0,0.3333333333333333,2023,6,22,3,22,0.0666666666666666,6,1,0,0,0,0,0,0,0,1,0
21,17996801578781858,0.0107562055031749,0.0046728971962616,0.0049486707028165,0,1,1,0.0,0.0,0.3333333333333333,2023,6,23,5,0,0.0613333333333333,1,1,0,0,1,0,0,0,0,0,0
20,17955509888467433,0.0085241485472387,0.0046728971962616,0.0024216899183995,0,1,1,0.0,0.0,0.3333333333333333,2023,6,23,8,22,0.1466666666666666,4,1,0,0,0,0,0,1,0,0,0
19,18224587048170087,0.0085626322878583,0.014018691588785,0.0014214266912345,0,1,1,0.1629958292661283,0.0,0.3333333333333333,2023,6,23,10,0,0.0586666666666666,6,0,0,0,0,0,0,0,0,1,0
18,17988543127920044,0.0092553396190109,0.0046728971962616,0.0003158725980521,0,1,1,0.0,0.0,0.6666666666666666,2023,6,23,11,21,0.1253333333333333,7,1,0,0,0,0,0,0,0,0,1
17,17984698142166295,0.0232826630748508,0.0,0.0037904711766254,0,1,1,0.190611411837785,0.0277777777777777,0.3333333333333333,2023,6,24,12,22,0.1253333333333333,1,0,0,0,1,0,0,0,0,0,0
16,17975210318345439,0.0110833172984414,0.0186915887850467,0.004527507238747,0,1,1,0.2136835566598633,0.0,0.6666666666666666,2023,6,24,13,22,0.0826666666666666,2,0,0,0,0,1,0,0,0,0,0
15,17884557272797555,0.0180681162208966,0.0046728971962616,0.0010529086601737,0,1,1,0.2185642026799183,0.0277777777777777,0.3333333333333333,2023,6,24,17,1,0.1146666666666666,6,0,0,0,0,0,0,0,0,1,0
14,17980954484218458,0.0241677891091014,0.0233644859813084,0.0046327981047644,0,1,1,0.2287514420090513,0.4444444444444444,0.3333333333333333,2023,6,24,18,23,0.0986666666666666,7,0,0,0,0,0,0,0,0,0,1
13,18014754196577953,0.0086973253800269,0.0,0.0009476177941563,0,1,1,0.1811163368533144,0.0,0.6666666666666666,2023,6,25,20,23,0.0693333333333333,2,0,0,0,0,1,0,0,0,0,0
12,17999752723914002,0.004290937079084,0.0046728971962616,0.0011581995261911,1,0,1,0.0,0.0,0.3333333333333333,2023,6,25,23,21,0.112,5,1,0,0,0,0,0,0,1,0,0
11,18298243237107793,0.0143159515104868,0.0093457943925233,0.0042116346406949,1,0,1,0.2058390274203567,0.0,0.3333333333333333,2023,6,26,26,18,0.0346666666666666,1,0,0,0,1,0,0,0,0,0,0
10,18086573038355408,0.7176640369443911,0.3551401869158878,1.0,0,1,1,0.0,0.0,0.3333333333333333,2023,6,26,28,19,0.1066666666666666,3,1,0,0,0,0,1,0,0,0,0
9,17962512965386016,0.009717144506446,0.0,0.0056857067649381,1,0,1,0.0,0.0,0.3333333333333333,2023,7,26,2,23,0.0559999999999999,7,1,0,0,0,0,0,0,0,0,1
8,17853793103993733,0.0203194150471425,0.0093457943925233,0.0038957620426428,1,0,1,0.0,0.0,0.3333333333333333,2023,7,27,4,20,0.072,2,1,0,0,0,1,0,0,0,0,0
7,18196319821266070,0.0205310756205503,0.0,0.0006843906291129,0,1,1,0.2065489395687283,0.0,0.3333333333333333,2023,7,27,9,22,0.0773333333333333,7,0,0,0,0,0,0,0,0,0,1
6,17870843351942013,0.008312487973831,0.0,0.0005790997630955,1,0,1,0.0,0.0,0.3333333333333333,2023,7,28,10,22,0.072,1,1,0,0,1,0,0,0,0,0,0
5,18014337175725074,0.0100057725610929,0.0046728971962616,0.0054751250329033,0,1,1,0.22653296654539,0.0,0.6666666666666666,2023,7,28,12,0,0.0533333333333333,3,0,0,0,0,0,1,0,0,0,0
4,17962273994544727,0.0177217625553203,0.0046728971962616,0.0172150565938404,0,1,1,0.2253261158931582,0.0277777777777777,0.3333333333333333,2023,7,28,13,18,0.0426666666666666,4,0,0,0,0,0,0,1,0,0,0
3,17947602536531168,0.0078506830863959,0.0794392523364486,0.0073703606212161,0,1,1,0.0,0.0,0.3333333333333333,2023,7,28,14,16,0.048,5,1,0,0,0,0,0,0,1,0,0
2,18023028136537334,0.0083894554550702,0.0,0.0022111081863648,0,1,1,0.1573342798828645,0.0555555555555555,0.3333333333333333,2023,7,28,15,22,0.048,6,0,0,0,0,0,0,0,0,1,0
1,18013377151686072,0.0230132768905137,0.0373831775700934,0.0132666491181889,1,0,1,0.2251841334634839,0.1111111111111111,0.3333333333333333,2023,7,29,20,0,0.048,4,0,0,0,0,0,0,1,0,0,0
25,18371463703010649,0.0075812969020588,0.0093457943925233,0.0011581995261911,1,0,1,0.193291330197888,0.0277777777777777,0.3333333333333333,2023,7,29,22,21,0.1519999999999999,6,0,0,0,0,0,0,0,0,1,0
24,17985033365206904,0.0164517991148739,0.0,0.0045801526717557,1,0,1,0.2099032744697843,0.0277777777777777,0.3333333333333333,2023,7,29,23,22,0.0693333333333333,7,0,0,0,0,0,0,0,0,0,1
23,17990215406169788,0.0152010775447373,0.0046728971962616,0.008212687549355,0,1,1,0.2396840890939746,0.0,0.6666666666666666,2023,7,30,25,22,0.136,2,0,0,0,0,1,0,0,0,0,0
22,18025756693605643,0.0098325957283047,0.0,0.0020531718873387,1,0,1,0.0,0.0,0.3333333333333333,2023,7,30,27,19,0.1173333333333333,4,1,0,0,0,0,0,1,0,0,0
21,17964578060429510,0.0062343659803732,0.0093457943925233,0.0012108449591997,0,1,1,0.0,0.0,0.3333333333333333,2023,7,30,30,18,0.1146666666666666,7,1,0,0,0,0,0,0,0,0,1
20,18069579304400482,0.00559938426015,0.0046728971962616,0.0011581995261911,0,1,1,0.158523382731387,0.0555555555555555,0.3333333333333333,2023,8,31,2,21,0.0586666666666666,3,0,0,0,0,0,1,0,0,0,0
19,18051538810421126,0.0132576486434481,0.014018691588785,0.0043695709397209,1,0,1,0.0,0.0,0.3333333333333333,2023,8,32,7,17,0.1653333333333333,1,1,0,0,1,0,0,0,0,0,0
18,17997582589912043,0.0199538195112564,0.0046728971962616,0.0035798894445906,0,1,1,0.2510071878605022,0.1944444444444444,0.3333333333333333,2023,8,34,21,20,0.0373333333333333,1,0,0,0,1,0,0,0,0,0,0
17,18021428116653457,0.0637868000769674,0.0560747663551401,0.0274809160305343,0,1,1,0.0,0.0,0.3333333333333333,2023,8,34,22,20,0.064,2,1,0,0,0,1,0,0,0,0,0
16,17984797937131250,0.0136617279199538,0.0,0.0020531718873387,0,1,1,0.2481675392670157,0.0,0.6666666666666666,2023,8,34,23,1,0.1973333333333333,3,0,0,0,0,0,1,0,0,0,0
15,18227486203242933,0.0259572830479122,0.0373831775700934,0.001842590155304,0,1,1,0.2666607507320969,0.0277777777777777,0.3333333333333333,2023,8,34,23,18,0.12,3,0,0,0,0,0,1,0,0,0,0
14,18026881915559241,0.0295747546661535,0.0233644859813084,0.0054751250329033,0,1,1,0.2447244653474132,0.2222222222222222,0.3333333333333333,2023,8,34,24,18,0.1546666666666666,4,0,0,0,0,0,0,1,0,0,0
13,17980203605228736,0.0151818356744275,0.0327102803738317,0.0013687812582258,0,1,1,0.0,0.0,0.3333333333333333,2023,8,34,24,20,0.1066666666666666,4,1,0,0,0,0,0,1,0,0,0
12,18014285473802017,0.0104675774485279,0.0046728971962616,0.0018952355883127,0,1,1,0.1947998935131777,0.0,0.3333333333333333,2023,8,34,25,19,0.0853333333333333,5,0,0,0,0,0,0,0,1,0,0
11,18381021877016730,0.0148932076197806,0.0046728971962616,0.0075809423532508,0,1,1,0.2433578844617978,0.0,0.3333333333333333,2023,8,34,27,1,0.0666666666666666,7,0,0,0,0,0,0,0,0,0,1
10,18071073844409139,0.0125264575716759,0.0046728971962616,0.0023163990523822,0,1,1,0.0,0.0,0.3333333333333333,2023,8,34,27,22,0.088,7,1,0,0,0,0,0,0,0,0,1
9,17969036774391962,0.0158168173946507,0.0,0.0081073966833377,0,1,1,0.2381400301712663,0.0277777777777777,0.6666666666666666,2023,8,35,29,20,0.104,2,0,0,0,0,1,0,0,0,0,0
8,17871098924918865,0.0135655185684048,0.0,0.0054224795998947,0,1,1,0.0,0.0,0.3333333333333333,2023,8,35,30,17,0.1306666666666666,3,1,0,0,0,0,1,0,0,0,0
7,17985292166467063,0.0219164902828554,0.0327102803738317,0.0063174519610423,0,1,1,0.2567397284586032,0.1388888888888889,0.3333333333333333,2023,8,35,31,2,0.2293333333333333,4,0,0,0,0,0,0,1,0,0,0
6,18380476966004217,0.012334038868578,0.0233644859813084,0.0004211634640694,0,1,1,0.1673262933711953,0.0,0.6666666666666666,2023,9,35,1,17,0.1546666666666666,5,0,0,0,0,0,0,0,1,0,0
5,17904800300762952,0.0281893400038483,0.0514018691588785,0.0077915240852856,0,1,1,0.0,0.0,0.3333333333333333,2023,9,35,2,17,0.0933333333333333,6,1,0,0,0,0,0,0,0,1,0
4,18015593443794301,0.0218587646719261,0.014018691588785,0.0024743353514082,1,0,1,0.2174815866536516,0.0277777777777777,0.3333333333333333,2023,9,35,3,16,0.1066666666666666,7,0,0,0,0,0,0,0,0,0,1
3,17930150138653579,0.0106792380219357,0.0046728971962616,0.0026322716504343,0,1,1,0.0,0.0,0.3333333333333333,2023,9,36,5,18,0.2106666666666666,2,1,0,0,0,1,0,0,0,0,0
2,17951826683548405,0.0173369251491244,0.0373831775700934,0.0013161358252171,1,0,1,0.0,0.0,0.3333333333333333,2023,9,36,6,21,0.0746666666666666,3,1,0,0,0,0,1,0,0,0,0
1,17909418515748309,0.0129497787184914,0.0186915887850467,0.0007370360621216,1,0,1,0.0,0.0,0.3333333333333333,2023,9,36,7,20,0.0906666666666666,4,1,0,0,0,0,0,1,0,0,0
25,18386614111055290,0.0230902443717529,0.014018691588785,0.0052118978678599,1,0,0,0.2793859259916585,1.0,0.0,2023,9,36,8,23,0.0906666666666666,5,0,0,0,0,0,0,0,1,0,0
24,17859393461981518,0.0264190879353473,0.014018691588785,0.0031587259805211,0,1,1,0.2802023249622859,0.2222222222222222,0.3333333333333333,2023,9,36,9,15,0.12,6,0,0,0,0,0,0,0,0,1,0
23,18027315661621435,0.007754473734847,0.0,0.0006317451961042,1,0,1,0.2065666873724376,0.0277777777777777,0.3333333333333333,2023,9,36,9,21,0.0826666666666666,6,0,0,0,0,0,0,0,0,1,0
22,18097321702355564,0.0156436405618626,0.0,0.0021584627533561,0,1,1,0.2225219629070902,0.0,0.3333333333333333,2023,9,37,11,16,0.0373333333333333,1,0,0,0,1,0,0,0,0,0,0
21,18063718648434458,0.0289397729459303,0.02803738317757,0.0112134772308502,1,0,1,0.3125210755169048,0.1388888888888889,0.3333333333333333,2023,9,37,12,18,0.2053333333333333,2,0,0,0,0,1,0,0,0,0,0
20,18028331704610407,0.0350202039638252,0.014018691588785,0.0641747828375888,0,1,1,0.0,0.0,0.3333333333333333,2023,9,37,13,22,0.0773333333333333,3,1,0,0,0,0,1,0,0,0,0
19,17990398391092655,0.0258995574369828,0.0046728971962616,0.0040536983416688,0,1,1,0.0,0.0,0.3333333333333333,2023,9,37,14,16,0.0906666666666666,4,1,0,0,0,0,0,1,0,0,0
18,18019727794704137,0.0262459111025591,0.014018691588785,0.0034745985785733,1,0,1,0.2611411837785074,0.0833333333333333,0.3333333333333333,2023,9,37,14,18,0.2693333333333333,4,0,0,0,0,0,0,1,0,0,0
17,18388181719034957,0.0192611121801039,0.0607476635514018,0.0007896814951302,0,1,1,0.2684000354956074,0.0,0.3333333333333333,2023,9,37,15,18,0.0959999999999999,5,0,0,0,0,0,0,0,1,0,0
16,18059077471414666,0.0104868193188377,0.0093457943925233,0.0060015793629902,0,1,1,0.0,0.0,0.3333333333333333,2023,9,37,16,15,0.0186666666666666,6,1,0,0,0,0,0,0,0,1,0
15,18001758824305065,0.0188570329035982,0.0093457943925233,0.0013161358252171,0,1,1,0.0,0.0,0.3333333333333333,2023,9,37,16,15,0.1066666666666666,6,1,0,0,0,0,0,0,0,1,0
14,17997980632981807,0.0266692322493746,0.0467289719626168,0.0078968149513029,0,1,1,0.3001686041352382,0.1944444444444444,0.3333333333333333,2023,9,37,17,16,0.0586666666666666,7,0,0,0,0,0,0,0,0,0,1
13,17872110800975142,0.0273234558399076,0.1074766355140186,0.0324295867333508,0,1,1,0.0,0.0,0.3333333333333333,2023,9,38,19,17,0.0853333333333333,2,1,0,0,0,1,0,0,0,0,0
12,17983458179426888,0.016259380411776,0.0046728971962616,0.0044748618057383,0,1,1,0.2583902742035673,0.0277777777777777,0.3333333333333333,2023,9,38,19,22,0.1093333333333333,2,0,0,0,0,1,0,0,0,0,0
11,18015437236835039,0.0163940735039445,0.0093457943925233,0.0115293498289023,0,1,1,0.0,0.0,0.3333333333333333,2023,9,38,20,17,0.128,3,1,0,0,0,0,1,0,0,0,0
10,17876985140907844,0.019338079661343,0.0420560747663551,0.0059489339299815,0,1,1,0.0,0.0,0.3333333333333333,2023,9,38,22,0,0.0853333333333333,5,1,0,0,0,0,0,0,1,0,0
9,17953096487551143,0.0422166634596882,0.0747663551401869,0.0141616214793366,0,1,1,0.3195669535894933,0.2222222222222222,0.3333333333333333,2023,9,38,22,17,0.104,5,0,0,0,0,0,0,0,1,0,0
8,18001155584298957,0.0293630940927458,0.0186915887850467,0.0052645433008686,1,0,1,0.2949862454521253,0.0277777777777777,0.3333333333333333,2023,9,39,26,0,0.144,2,0,0,0,0,1,0,0,0,0,0
7,18025266328638251,0.0144121608620357,0.0186915887850467,0.0018952355883127,0,1,1,0.0,0.0,0.3333333333333333,2023,9,39,26,20,0.0426666666666666,2,1,0,0,0,1,0,0,0,0,0
6,18100663435318171,0.020742736193958,0.0934579439252336,0.0085812055804158,0,1,1,0.3071789866004082,0.1944444444444444,0.6666666666666666,2023,9,39,28,17,0.1413333333333333,4,0,0,0,0,0,0,1,0,0,0
5,18035586751566473,0.0148739657494708,0.0654205607476635,0.0019478810213214,0,1,1,0.0,0.0,0.3333333333333333,2023,9,39,28,17,0.1493333333333333,4,1,0,0,0,0,0,1,0,0,0
4,17878824059899901,0.0131229555512795,0.014018691588785,0.0028954988154777,0,1,0,0.20250244032301,0.0833333333333333,0.0,2023,9,39,30,20,0.0,6,0,0,0,0,0,0,0,0,1,0
3,18014957992895080,0.04485279969213,0.0887850467289719,0.0160568570676493,0,1,1,0.3096459313159996,0.9444444444444444,0.3333333333333333,2023,9,39,30,20,0.1546666666666666,6,0,0,0,0,0,0,0,0,1,0
2,18003013946086160,0.0413700211660573,0.0327102803738317,0.0081073966833377,0,1,1,0.3261868843730588,0.0833333333333333,0.3333333333333333,2023,10,39,1,20,0.0613333333333333,7,0,0,0,0,0,0,0,0,0,1
1,17894299430827249,0.0253030594573792,0.0,0.0016320084232692,0,1,1,0.2512911527198509,0.1111111111111111,0.3333333333333333,2023,10,40,2,20,0.1093333333333333,1,0,0,0,1,0,0,0,0,0,0
25,17955838157534086,0.0186068885895709,0.0186915887850467,0.0036325348775993,1,0,1,0.2786582660395776,0.0277777777777777,0.6666666666666666,2023,10,40,3,20,0.0986666666666666,2,0,0,0,0,1,0,0,0,0,0
24,17992736267093416,0.0205888012314797,0.014018691588785,0.0014740721242432,0,1,1,0.2269056704232851,0.0277777777777777,0.3333333333333333,2023,10,40,4,23,0.0826666666666666,3,0,0,0,0,0,1,0,0,0,0
23,18002107148107238,0.0324995189532422,0.02803738317757,0.0089497236114767,1,0,1,0.3382198952879581,0.1111111111111111,0.3333333333333333,2023,10,40,5,18,0.1013333333333333,4,0,0,0,0,0,0,1,0,0,0
22,17864651022007445,0.0290167404271695,0.0327102803738317,0.009739405106607,1,0,1,0.0,0.0,0.3333333333333333,2023,10,40,6,18,0.0853333333333333,5,1,0,0,0,0,0,0,1,0,0
21,17960294312511667,0.027381181450837,0.0186915887850467,0.0014214266912345,0,1,1,0.0,0.0,0.3333333333333333,2023,10,40,7,14,0.1306666666666666,6,1,0,0,0,0,0,0,0,1,0
20,17855781516016775,0.0350009620935154,0.0046728971962616,0.0076335877862595,0,1,1,0.2524625077646641,0.6388888888888888,0.3333333333333333,2023,10,40,7,22,0.0266666666666666,6,0,0,0,0,0,0,0,0,1,0
19,17931628787762077,0.0395612853569366,0.0373831775700934,0.0037378257436167,1,0,1,0.3122371106575561,0.1944444444444444,0.3333333333333333,2023,10,41,9,14,0.2533333333333333,1,0,0,0,1,0,0,0,0,0,0
18,18006271454046630,0.0403886857802578,0.0607476635514018,0.0112134772308502,0,1,1,0.3278196823143136,0.4444444444444444,0.3333333333333333,2023,10,41,9,23,0.1226666666666666,1,0,0,0,1,0,0,0,0,0,0
17,18002873618107160,0.0245333846449874,0.0186915887850467,0.0017372992892866,0,1,1,0.2459668116070636,0.0,0.3333333333333333,2023,10,41,10,19,0.144,2,0,0,0,0,1,0,0,0,0,0
16,18373047361066402,0.02149316913604,0.0046728971962616,0.0090023690444853,0,1,1,0.2597213594817641,0.0277777777777777,0.6666666666666666,2023,10,41,10,21,0.12,2,0,0,0,0,1,0,0,0,0,0
15,18023426959742969,0.0083317298441408,0.014018691588785,5.26454330086865e-05,1,0,1,0.0,0.0,0.3333333333333333,2023,10,41,13,19,0.1013333333333333,5,1,0,0,0,0,0,0,1,0,0
14,18006885040880231,0.0154704637290744,0.0093457943925233,0.0003158725980521,0,1,1,0.189635282633774,0.0277777777777777,0.6666666666666666,2023,10,41,13,22,0.24,5,0,0,0,0,0,0,0,1,0,0
13,17951581016686433,0.0154897055993842,0.0233644859813084,0.0021584627533561,0,1,0,0.239648593486556,0.0,0.0,2023,10,41,14,21,0.0266666666666666,6,0,0,0,0,0,0,0,0,1,0
12,17978899322587788,0.0216855878391379,0.0,0.0013161358252171,1,0,0,0.2364539888188836,0.0,0.0,2023,10,41,14,23,0.1226666666666666,6,0,0,0,0,0,0,0,0,1,0
11,17994258539100317,0.0248027708293246,0.0186915887850467,0.0023163990523822,0,1,1,0.2208891649658354,0.0,0.3333333333333333,2023,10,42,16,16,0.1066666666666666,1,0,0,0,1,0,0,0,0,0,0
10,17956735826543159,0.0256301712526457,0.0420560747663551,0.0013687812582258,1,0,1,0.2699263466146064,0.1111111111111111,0.6666666666666666,2023,10,42,16,18,0.1093333333333333,1,0,0,0,1,0,0,0,0,0,0
9,17964594503644175,0.0401192995959207,0.4813084112149532,0.0225322453277178,1,0,0,0.3391960244919691,0.6666666666666666,0.0,2023,10,42,16,21,0.3093333333333333,1,0,0,0,1,0,0,0,0,0,0
8,18004596053305473,0.0217240715797575,0.0046728971962616,0.0016846538562779,0,1,1,0.2818528707072499,0.0,0.3333333333333333,2023,10,42,17,17,0.032,2,0,0,0,0,1,0,0,0,0,0
7,18390965851010145,0.0468731960746584,0.9158878504672896,0.0188470650171097,1,0,0,0.3869376164699618,0.7777777777777777,0.0,2023,10,42,17,21,0.4746666666666666,2,0,0,0,0,1,0,0,0,0,0
6,18046758964516609,0.0162978641523956,0.0,0.0002632271650434,0,1,1,0.2299760404649924,0.0,0.3333333333333333,2023,10,42,18,16,0.2346666666666666,3,0,0,0,0,0,1,0,0,0,0
5,18238264465215458,0.0410621512411006,0.8130841121495327,0.0131613582521716,0,1,1,0.3476617268613009,0.2222222222222222,0.6666666666666666,2023,10,42,18,19,0.4746666666666666,3,0,0,0,0,0,1,0,0,0,0
4,18301982644184851,0.0334231287281123,0.5420560747663551,0.0065280336930771,0,1,1,0.3348833081906114,0.1111111111111111,0.6666666666666666,2023,10,42,19,16,0.4879999999999999,4,0,0,0,0,0,0,1,0,0,0
3,17884879838946875,0.0321339234173561,0.397196261682243,0.006370097394051,1,0,1,0.0,0.0,0.6666666666666666,2023,10,42,20,16,0.536,5,1,0,0,0,0,0,0,1,0,0
2,17910672518831416,0.0177410044256301,0.0,0.0037904711766254,0,1,1,0.0,0.0,0.3333333333333333,2023,10,42,20,22,0.1866666666666666,5,1,0,0,0,0,0,0,1,0,0
1,18022006726774667,0.0166634596882817,0.0093457943925233,0.0012634903922084,0,1,1,0.0,0.0,0.3333333333333333,2023,10,42,21,13,0.0293333333333333,6,1,0,0,0,0,0,0,0,1,0
25,17989411562457415,0.026630748508755,0.0186915887850467,0.00200052645433,0,1,1,0.0,0.0,0.3333333333333333,2023,10,42,22,22,0.1386666666666666,7,1,0,0,0,0,0,0,0,0,1
24,18238555021211565,0.0813738695401193,0.7476635514018691,0.0452750723874703,0,1,1,0.0,0.0,0.3333333333333333,2023,10,43,23,16,0.0959999999999999,1,1,0,0,1,0,0,0,0,0,0
23,17985826223265994,0.0230902443717529,0.0887850467289719,0.0106343774677546,0,1,1,0.0,0.0,0.3333333333333333,2023,10,43,24,16,0.2906666666666666,2,1,0,0,0,1,0,0,0,0,0
22,17889117467865002,0.026534539157206,0.0794392523364486,0.0009476177941563,0,1,1,0.2863963084568284,0.0,0.3333333333333333,2023,10,43,25,0,0.2426666666666666,3,0,0,0,0,0,1,0,0,0,0
21,17910346457835296,0.0186261304598807,0.0514018691588785,0.0042116346406949,1,0,1,0.2654716478835744,0.0,0.3333333333333333,2023,10,43,25,17,0.1173333333333333,3,0,0,0,0,0,1,0,0,0,0
20,17997672299214957,0.0335000962093515,0.0700934579439252,0.0057909976309555,1,0,1,0.2673174194693407,0.25,0.3333333333333333,2023,10,43,26,19,0.024,4,0,0,0,0,0,0,1,0,0,0
19,17997227288208045,0.0192033865691745,0.0186915887850467,0.0022637536193735,0,1,1,0.2640518235868311,0.0,0.3333333333333333,2023,10,43,27,0,0.1226666666666666,5,0,0,0,0,0,0,0,1,0,0
18,18043031692495797,0.0255916875120261,0.116822429906542,0.0010529086601737,1,0,1,0.2762623125388233,0.0833333333333333,0.3333333333333333,2023,10,43,27,16,0.2746666666666666,5,0,0,0,0,0,0,0,1,0,0
17,18008093288043017,0.0184337117567827,0.014018691588785,0.0034219531455646,1,0,1,0.0,0.0,0.3333333333333333,2023,10,43,28,14,0.1493333333333333,6,1,0,0,0,0,0,0,0,1,0
16,18031393663719777,0.037098325957283,0.1635514018691588,0.0140036851803106,0,1,1,0.0,0.0,0.3333333333333333,2023,10,43,28,18,0.1546666666666666,6,1,0,0,0,0,0,0,0,1,0
15,17989443038387178,0.0282470656147777,0.2009345794392523,0.002684917083443,0,1,1,0.2628627207383086,0.0277777777777777,0.3333333333333333,2023,10,43,28,20,0.2533333333333333,6,0,0,0,0,0,0,0,0,1,0
14,18023953768749985,0.0256878968635751,0.0560747663551401,0.0038431166096341,0,1,1,0.0,0.0,0.3333333333333333,2023,10,43,29,20,0.0559999999999999,7,1,0,0,0,0,0,0,0,0,1
13,17849404095076591,0.017375408889744,0.0046728971962616,0.0011581995261911,0,1,1,0.0,0.0,0.3333333333333333,2023,11,44,1,20,0.192,3,1,0,0,0,0,1,0,0,0,0
12,17845524489091087,0.0202424475659034,0.0233644859813084,0.0158989207686233,1,0,1,0.2478125831928299,0.0833333333333333,0.6666666666666666,2023,11,44,2,19,0.1333333333333333,4,0,0,0,0,0,0,1,0,0,0
11,18037493116588227,0.0107754473734847,0.0,0.0008423269281389,0,1,1,0.0,0.0,0.3333333333333333,2023,11,44,4,14,0.0746666666666666,6,1,0,0,0,0,0,0,0,1,0
10,18372711226069448,0.0225322301327689,0.014018691588785,0.0005264543300868,0,1,1,0.2018990149968941,0.0,0.3333333333333333,2023,11,44,4,21,0.144,6,0,0,0,0,0,0,0,0,1,0
9,17993349221348892,0.0042332114681547,0.0046728971962616,0.0007370360621216,0,1,1,0.0,0.0,0.3333333333333333,2023,11,44,5,19,0.1253333333333333,7,1,0,0,0,0,0,0,0,0,1
8,18397637728006186,0.0159707523571291,0.0093457943925233,0.0022111081863648,0,1,1,0.0,0.0,0.3333333333333333,2023,11,45,6,20,0.12,1,1,0,0,1,0,0,0,0,0,0
7,18020762719868959,0.0144891283432749,0.0046728971962616,0.0007370360621216,0,1,1,0.0,0.0,0.3333333333333333,2023,11,45,7,18,0.128,2,1,0,0,0,1,0,0,0,0,0
6,17919848495730771,0.0164710409851837,0.0327102803738317,0.0033693077125559,1,0,1,0.2304552311651433,0.0,0.6666666666666666,2023,11,45,7,21,0.1226666666666666,2,0,0,0,0,1,0,0,0,0,0
5,17899221260903220,0.0230710025014431,0.1355140186915887,0.0017372992892866,0,1,1,0.2646375011092377,0.0277777777777777,0.3333333333333333,2023,11,45,10,2,0.0959999999999999,5,0,0,0,0,0,0,0,1,0,0
4,17987956874262087,0.0189147585145276,0.0841121495327102,0.0302711239799947,0,1,1,0.0,0.0,0.3333333333333333,2023,11,45,10,19,0.1333333333333333,5,1,0,0,0,0,0,0,1,0,0
3,18001768796017979,0.009062920915913,0.0,0.0003158725980521,1,0,0,0.0,0.0,0.0,2023,11,45,11,15,0.1253333333333333,6,1,0,0,0,0,0,0,0,1,0
2,18010835747057662,0.0265730228978256,0.02803738317757,0.0033166622795472,0,1,1,0.2017037891560919,0.0833333333333333,0.3333333333333333,2023,11,45,11,20,0.0533333333333333,6,0,0,0,0,0,0,0,0,1,0
1,17879853389921034,0.0349432364825861,0.02803738317757,0.0036325348775993,0,1,1,0.2734581595527553,0.0,0.3333333333333333,2023,11,45,12,0,0.1093333333333333,7,0,0,0,0,0,0,0,0,0,1
25,17884492352901555,0.0178949393881085,0.0,0.0034219531455646,0,1,1,0.2252373768746117,0.0,0.3333333333333333,2023,11,45,12,22,0.072,7,0,0,0,0,0,0,0,0,0,1
24,18074627968421655,0.0113719453530883,0.0,0.0014214266912345,1,0,1,0.1911438459490638,0.0,0.6666666666666666,2023,11,46,14,23,0.0986666666666666,2,0,0,0,0,1,0,0,0,0,0
23,18006041702286389,0.037098325957283,0.0841121495327102,0.0099499868386417,0,1,1,0.2740615848788712,0.1111111111111111,0.3333333333333333,2023,11,46,15,19,0.08,3,0,0,0,0,0,1,0,0,0,0
22,17978997494403629,0.0280161631710602,0.0654205607476635,0.0051066070018425,0,1,1,0.2529949418759428,0.0277777777777777,0.3333333333333333,2023,11,46,16,22,0.12,4,0,0,0,0,0,0,1,0,0,0
21,18204244729287331,0.0099865306907831,0.0,0.0003158725980521,1,0,1,0.0,0.0,0.3333333333333333,2023,11,46,18,15,0.1599999999999999,6,1,0,0,0,0,0,0,0,1,0
20,18020370355882395,0.0150663844525687,0.0,0.0010529086601737,0,1,1,0.1678942230898926,0.0833333333333333,0.3333333333333333,2023,11,46,18,22,0.1466666666666666,6,0,0,0,0,0,0,0,0,1,0
19,18060779959479015,0.0247258033480854,0.014018691588785,0.00200052645433,0,1,1,0.2366669624633951,0.0,0.3333333333333333,2023,11,47,22,21,0.0746666666666666,3,0,0,0,0,0,1,0,0,0,0
18,17976813530625575,0.0137194535308832,0.0607476635514018,0.0052645433008686,0,1,1,0.1964681870618511,0.0,0.3333333333333333,2023,11,47,22,22,0.0266666666666666,3,0,0,0,0,0,1,0,0,0,0
17,17972928374494634,0.0193958052722724,0.0233644859813084,0.0027375625164516,1,0,1,0.0,0.0,0.3333333333333333,2023,11,47,23,19,0.1706666666666667,4,1,0,0,0,0,0,1,0,0,0
16,18017046226779834,0.0096979026361362,0.1682242990654205,0.0041589892076862,0,1,1,0.2762090691276954,0.0,0.3333333333333333,2023,11,47,23,22,0.0373333333333333,4,0,0,0,0,0,0,1,0,0,0
15,18013495942989909,0.0256878968635751,0.1074766355140186,0.009897341405633,1,0,0,0.2914721803176857,0.0277777777777777,0.0,2023,11,47,25,22,0.2639999999999999,6,0,0,0,0,0,0,0,0,1,0
14,18059248096484154,0.0143544352511064,0.0046728971962616,0.0011581995261911,0,1,1,0.2276510781790753,0.0,0.3333333333333333,2023,11,47,26,19,0.0506666666666666,7,0,0,0,0,0,0,0,0,0,1
13,17900481665830359,0.0215508947469694,0.0887850467289719,0.0112661226638589,0,1,1,0.259898837518857,0.0,0.3333333333333333,2023,11,48,27,23,0.2159999999999999,1,0,0,0,1,0,0,0,0,0,0
12,17990277926250302,0.0163555897633249,0.0560747663551401,0.0017372992892866,0,1,1,0.2345727216256988,0.0,0.3333333333333333,2023,11,48,29,1,0.1973333333333333,3,0,0,0,0,0,1,0,0,0,0
11,18318029560117658,0.0053107562055031,0.0,0.0006317451961042,1,0,1,0.1358239417872038,0.0,0.3333333333333333,2023,12,48,1,17,0.0399999999999999,5,0,0,0,0,0,0,0,1,0,0
10,18011031167014660,0.0112372522609197,0.02803738317757,0.0013687812582258,0,1,1,0.0,0.0,0.3333333333333333,2023,12,48,1,17,0.0853333333333333,5,1,0,0,0,0,0,0,1,0,0
9,18009377084109174,0.0061573984991341,0.0,0.0004211634640694,0,1,1,0.0,0.0,0.3333333333333333,2023,12,48,2,18,0.088,6,1,0,0,0,0,0,0,0,1,0
8,18237444760244564,0.0217817971906869,0.014018691588785,0.0021058173203474,0,1,1,0.2411571568018457,0.0555555555555555,0.3333333333333333,2023,12,48,2,22,0.2106666666666666,6,0,0,0,0,0,0,0,0,1,0
7,18062421955479615,0.0216855878391379,0.0233644859813084,0.0035272440115819,0,1,1,0.2683645398881888,0.0,0.3333333333333333,2023,12,48,2,23,0.0826666666666666,6,0,0,0,0,0,0,0,0,1,0
6,17990124101276984,0.0216278622282085,0.0887850467289719,0.0005790997630955,0,1,1,0.2334191143845949,0.0277777777777777,0.3333333333333333,2023,12,49,5,16,0.3653333333333333,2,0,0,0,0,1,0,0,0,0,0
5,17914130789842670,0.0147007889166827,0.0,0.0025269807844169,1,0,0,0.2051113674682758,0.0555555555555555,0.0,2023,12,49,5,20,0.2159999999999999,2,0,0,0,0,1,0,0,0,0,0
4,17877896036995435,0.0340773523186453,0.0420560747663551,0.0094235325085548,1,0,1,0.0,0.0,0.3333333333333333,2023,12,49,6,17,0.1813333333333333,3,1,0,0,0,0,1,0,0,0,0
3,17980617698402671,0.0242062728497209,0.0560747663551401,0.0055804158989207,0,1,1,0.2434821190877628,0.0277777777777777,0.3333333333333333,2023,12,49,6,20,0.0426666666666666,3,0,0,0,0,0,1,0,0,0,0
2,18405155155040396,0.0269578603040215,0.0373831775700934,0.0181100289549881,1,0,1,0.0,0.0,0.3333333333333333,2023,12,49,7,18,0.0693333333333333,4,1,0,0,0,0,0,1,0,0,0
1,17987817413592263,0.0320954396767365,0.0654205607476635,0.0070018425901553,0,1,1,0.3273049960067442,0.0555555555555555,0.3333333333333333,2023,12,49,8,0,0.1813333333333333,5,0,0,0,0,0,0,0,1,0,0
25,17844014463117791,0.0172599576678853,0.0327102803738317,0.0015793629902605,1,0,1,0.0,0.0,0.3333333333333333,2023,12,49,9,15,0.1946666666666666,6,1,0,0,0,0,0,0,0,1,0
24,18030160537691569,0.0145276120838945,0.0327102803738317,0.00200052645433,1,0,1,0.0,0.0,0.3333333333333333,2023,12,49,9,17,0.0586666666666666,6,1,0,0,0,0,0,0,0,1,0
23,17906095220808432,0.0369443909948046,0.1962616822429906,0.0028954988154777,0,1,0,0.2563670245807081,0.0,0.0,2023,12,49,9,22,0.208,6,0,0,0,0,0,0,0,0,1,0
22,18034309051628993,0.0211083317298441,0.0,0.00200052645433,1,0,1,0.216469961842222,0.0,0.3333333333333333,2023,12,50,11,17,0.1679999999999999,1,0,0,0,1,0,0,0,0,0,0
21,17846711736106535,0.0163940735039445,0.3364485981308411,0.0025796262174256,1,0,1,0.2685065223178631,0.0,0.3333333333333333,2023,12,50,11,22,0.1013333333333333,1,0,0,0,1,0,0,0,0,0,0
20,17920969472745015,0.0185876467192611,0.0514018691588785,0.0093182416425375,0,1,1,0.0,0.0,0.3333333333333333,2023,12,50,12,18,0.192,2,1,0,0,0,1,0,0,0,0,0
19,18008896583289817,0.0196074658456802,0.0093457943925233,0.0050539615688339,1,0,1,0.2514153873458159,0.0,0.6666666666666666,2023,12,50,12,20,0.0933333333333333,2,0,0,0,0,1,0,0,0,0,0
18,18076194577426911,0.0191264190879353,0.0093457943925233,0.0034219531455646,1,0,1,0.2697843641849321,0.0,0.3333333333333333,2023,12,50,14,0,0.1466666666666666,4,0,0,0,0,0,0,1,0,0,0
17,18027855688835399,0.0177794881662497,0.0046728971962616,0.0017372992892866,1,0,1,0.0,0.0,0.3333333333333333,2023,12,51,21,23,0.1599999999999999,4,1,0,0,0,0,0,1,0,0,0
16,18037162978654405,0.0160477198383682,0.02803738317757,0.002684917083443,0,1,1,0.2370574141449995,0.0,0.3333333333333333,2023,12,51,23,19,0.032,6,0,0,0,0,0,0,0,0,1,0
15,17982834443391970,0.029805657109871,0.0373831775700934,0.0096867596735983,0,1,1,0.2400922885792883,0.611111111111111,0.3333333333333333,2023,12,52,25,15,0.1653333333333333,1,0,0,0,1,0,0,0,0,0,0
14,18032876551707803,0.0246103521262266,0.014018691588785,0.0050539615688339,0,1,1,0.2874256810719673,0.0,0.6666666666666666,2023,12,52,26,18,0.2026666666666666,2,0,0,0,0,1,0,0,0,0,0
13,18369821011076090,0.0175870694631518,0.014018691588785,0.0022111081863648,1,0,1,0.0,0.0,0.3333333333333333,2023,12,52,27,20,0.0666666666666666,3,1,0,0,0,0,1,0,0,0,0
12,18002671148100380,0.017567827592842,0.0700934579439252,0.0064753882600684,0,1,1,0.0,0.0,0.3333333333333333,2024,1,1,1,23,0.136,1,1,0,0,1,0,0,0,0,0,0
11,18402325096035232,1.0,0.1261682242990654,0.0340615951566201,1,0,1,0.0,0.0,0.6666666666666666,2024,1,1,4,23,0.136,4,1,0,0,0,0,0,1,0,0,0
10,18254995765169796,0.0176832788147007,0.0560747663551401,0.0158989207686233,0,1,1,0.0,0.0,0.3333333333333333,2024,1,2,8,2,0.064,1,1,0,0,1,0,0,0,0,0,0
9,18290950237157436,0.0130844718106599,0.0,0.0005790997630955,1,0,1,0.0,0.0,0.3333333333333333,2024,1,2,8,23,0.0613333333333333,1,1,0,0,1,0,0,0,0,0,0
8,18077232361394518,0.0209159130267462,0.0,0.0079494603843116,0,1,1,0.0,0.0,0.3333333333333333,2024,1,2,9,18,0.0773333333333333,2,1,0,0,0,1,0,0,0,0,0
7,17909342732895088,0.0255916875120261,0.0046728971962616,0.002684917083443,0,1,1,0.0,0.0,0.3333333333333333,2024,1,2,10,1,0.128,3,1,0,0,0,0,1,0,0,0,0
6,18014462563930563,0.0324802770829324,0.0327102803738317,0.002684917083443,0,1,1,0.0,0.0,0.3333333333333333,2024,1,2,11,3,0.1066666666666666,4,1,0,0,0,0,0,1,0,0,0
5,18331284277101938,0.0181450837021358,0.0186915887850467,0.0075282969202421,1,0,1,0.0,0.0,0.3333333333333333,2024,1,2,12,17,0.1093333333333333,5,1,0,0,0,0,0,0,1,0,0
4,18000640850517863,0.031960746584568,0.02803738317757,0.0036325348775993,0,1,1,0.3063980832371994,0.0833333333333333,0.3333333333333333,2024,1,3,15,20,0.0693333333333333,1,0,0,0,1,0,0,0,0,0,0
3,18033623914696015,0.0146430633057533,0.0,0.003685180310608,1,0,1,0.2171976217943029,0.0,0.6666666666666666,2024,1,3,16,20,0.1093333333333333,2,0,0,0,0,1,0,0,0,0,0
2,17937639314789393,0.028593419280354,0.0186915887850467,0.001842590155304,0,1,1,0.271363918715059,0.0,0.3333333333333333,2024,1,3,17,17,0.1733333333333333,3,0,0,0,0,0,1,0,0,0,0
1,18006067772248665,0.0235135655185684,0.0841121495327102,0.0074230060542247,0,1,1,0.3031147395509805,0.0555555555555555,0.3333333333333333,2024,1,3,18,17,0.1386666666666666,4,0,0,0,0,0,0,1,0,0,0
25,17896489676877161,0.0252453338464498,0.0233644859813084,0.0025269807844169,0,1,1,0.273742124412104,0.0,0.3333333333333333,2024,1,3,18,23,0.0773333333333333,4,0,0,0,0,0,0,1,0,0,0
24,18025946062919295,0.0244949009043679,0.0887850467289719,0.0052645433008686,0,1,1,0.3164255923329488,0.0,0.3333333333333333,2024,1,4,22,17,0.1386666666666666,1,0,0,0,1,0,0,0,0,0,0
23,17903525423921926,0.0170482970944775,0.014018691588785,0.0081600421163464,1,0,1,0.2634129026532966,0.0833333333333333,0.6666666666666666,2024,1,4,24,0,0.1013333333333333,3,0,0,0,0,0,1,0,0,0,0
22,18040574020580555,0.0137964210121223,0.0233644859813084,0.0025269807844169,1,0,1,0.0,0.0,0.3333333333333333,2024,1,4,26,21,0.104,5,1,0,0,0,0,0,0,1,0,0
21,17874990546029909,0.0095439676736578,0.0,0.001842590155304,0,1,1,0.2277930606087496,0.0,0.3333333333333333,2024,1,4,27,22,0.1093333333333333,6,0,0,0,0,0,0,0,0,1,0
20,17850278436133995,0.0154897055993842,0.1495327102803738,0.0004738088970781,1,0,0,0.2880646020055018,0.0,0.0,2024,1,5,29,19,0.048,1,0,0,0,1,0,0,0,0,0,0
19,18007580654259422,0.2304791225707138,1.0,0.1861542511187154,0,1,1,0.0,0.0,0.3333333333333333,2024,1,5,30,17,0.0773333333333333,2,1,0,0,0,1,0,0,0,0,0
18,18005099279111962,0.0088127766018857,0.0046728971962616,0.0006843906291129,1,0,0,0.2025734315378471,0.0,0.0,2024,1,5,31,18,0.2826666666666666,3,0,0,0,0,0,1,0,0,0,0
17,18053587453545740,0.0237252260919761,0.02803738317757,0.0021584627533561,0,1,1,0.2689147218031768,0.1388888888888889,0.3333333333333333,2024,2,5,1,20,0.072,4,0,0,0,0,0,0,1,0,0,0
16,18020705741005184,0.0241485472387916,0.0046728971962616,0.0027902079494603,1,0,1,0.2795634040287514,0.0,0.3333333333333333,2024,2,5,3,18,0.048,6,0,0,0,0,0,0,0,0,1,0
15,17986965815416125,0.0299211083317298,0.02803738317757,0.0045801526717557,0,1,1,0.2928742568107196,0.0277777777777777,0.3333333333333333,2024,2,6,5,19,0.1599999999999999,1,0,0,0,1,0,0,0,0,0,0
14,17913897626870031,0.0813931114104291,0.2429906542056074,0.0837588839168202,0,1,1,0.0,0.0,0.3333333333333333,2024,2,6,8,18,0.1013333333333333,4,1,0,0,0,0,0,1,0,0,0
13,17996360309302542,0.0204733500096209,0.014018691588785,0.0039484074756514,1,0,1,0.2364362410151743,0.0277777777777777,0.3333333333333333,2024,2,7,13,23,0.1173333333333333,2,0,0,0,0,1,0,0,0,0,0
12,18017501083899979,0.0289012892053107,0.0794392523364486,0.0047907344037904,0,1,1,0.0,0.0,0.3333333333333333,2024,2,7,17,2,0.0453333333333333,6,1,0,0,0,0,0,0,0,1,0
11,18036044314751305,0.0355974600731191,0.0186915887850467,0.0071597788891813,1,0,1,0.3314757298784275,0.0277777777777777,0.3333333333333333,2024,2,7,18,21,0.088,7,0,0,0,0,0,0,0,0,0,1
10,18258228769235972,0.0207042524533384,0.0467289719626168,0.0042642800737036,0,1,1,0.3139763954210666,0.0277777777777777,0.3333333333333333,2024,2,8,19,17,0.1413333333333333,1,0,0,0,1,0,0,0,0,0,0
9,17912965067898490,0.0157975755243409,0.0093457943925233,0.0074756514872334,0,1,1,0.2592066731741947,0.0833333333333333,0.3333333333333333,2024,2,8,20,17,0.08,2,0,0,0,0,1,0,0,0,0,0
8,18064566850500366,0.0112372522609197,0.0,0.0009476177941563,1,0,1,0.234466234803443,0.0,0.3333333333333333,2024,2,8,21,0,0.2293333333333333,3,0,0,0,0,0,1,0,0,0,0
7,18014825720476215,0.0236482586107369,0.0654205607476635,0.0057383521979468,0,1,1,0.3531280504037625,0.0833333333333333,0.3333333333333333,2024,2,9,26,2,0.1813333333333333,1,0,0,0,1,0,0,0,0,0,0
6,18009911105077440,0.0179334231287281,0.7242990654205607,0.011739931560937,0,1,1,0.325104268346792,0.0833333333333333,0.3333333333333333,2024,2,9,26,17,0.832,1,0,0,0,1,0,0,0,0,0,0
5,17936534741800206,0.0257071387338849,0.1495327102803738,0.006370097394051,0,1,1,0.3312272606264975,0.0,0.3333333333333333,2024,2,9,29,22,0.072,4,0,0,0,0,0,0,1,0,0,0
4,17991551693365255,0.0465076005387723,0.2102803738317757,0.0280073703606212,0,1,1,0.0,0.0,0.3333333333333333,2024,3,9,2,19,0.2026666666666666,6,1,0,0,0,0,0,0,0,1,0
3,18022901159076872,0.0129305368481816,0.014018691588785,0.0024216899183995,1,0,1,0.2485757387523293,0.0277777777777777,0.3333333333333333,2024,3,9,2,23,0.4906666666666666,6,0,0,0,0,0,0,0,0,1,0
2,18418512652003508,0.0078506830863959,0.0046728971962616,0.0022637536193735,1,0,1,0.236418493211465,0.0,0.3333333333333333,2024,3,9,3,0,0.2373333333333332,7,0,0,0,0,0,0,0,0,0,1
1,18001456091394007,0.0345776409467,0.02803738317757,0.0114767043958936,0,1,1,0.2921998402697666,0.0833333333333333,0.3333333333333333,2024,3,9,3,23,0.1093333333333333,7,0,0,0,0,0,0,0,0,0,1
25,18025446469985715,0.0129305368481816,0.0,0.0044748618057383,1,0,1,0.2767060076315555,0.0555555555555555,0.3333333333333333,2024,3,10,6,2,0.592,3,0,0,0,0,0,1,0,0,0,0
24,18033266170879209,0.028689628631903,0.0467289719626168,0.0007370360621216,0,1,1,0.2891294702280593,0.0277777777777777,0.3333333333333333,2024,3,10,9,18,0.0773333333333333,6,0,0,0,0,0,0,0,0,1,0
23,18003647978200173,0.0096979026361362,0.0,0.0012634903922084,1,0,1,0.2524270121572455,0.0555555555555555,0.3333333333333333,2024,3,11,17,23,0.608,7,0,0,0,0,0,0,0,0,0,1
22,17992368980378586,0.0037329228401,0.0,5.26454330086865e-05,1,0,1,0.1969118821545833,0.0,0.3333333333333333,2024,3,11,17,23,0.1493333333333333,7,0,0,0,0,0,0,0,0,0,1
21,18051788686595540,0.023917644795074,0.0700934579439252,0.0176888654909186,1,0,1,0.0,0.0,0.6666666666666666,2024,3,12,20,16,0.24,3,1,0,0,0,0,1,0,0,0,0
20,17922296813856958,0.011487396574947,0.0046728971962616,0.0011581995261911,1,0,1,0.0,0.0,0.3333333333333333,2024,3,13,25,19,0.5893333333333334,1,1,0,0,1,0,0,0,0,0,0
19,17940738521799932,0.0253030594573792,0.0934579439252336,0.0043169255067122,1,0,1,0.0,0.0,0.3333333333333333,2024,3,13,25,19,0.5733333333333334,1,1,0,0,1,0,0,0,0,0,0
18,17997550913569458,0.0133346161246873,0.02803738317757,0.0173729928928665,1,0,1,0.2393291330197888,0.0277777777777777,0.6666666666666666,2024,3,13,26,16,0.7493333333333333,2,0,0,0,0,1,0,0,0,0,0
17,18014001302205800,0.0145660958245141,0.02803738317757,0.0041063437746775,0,1,1,0.0,0.0,0.3333333333333333,2024,3,13,27,19,0.1386666666666666,3,1,0,0,0,0,1,0,0,0,0
16,17858937474130808,0.0186646142005002,0.0887850467289719,0.004685443537773,0,1,1,0.2511314224864673,0.0,0.3333333333333333,2024,3,13,29,17,0.072,5,0,0,0,0,0,0,0,1,0,0
15,17988195182481461,0.0131806811622089,0.0046728971962616,0.0027902079494603,1,0,1,0.1803531812938149,0.0277777777777777,0.3333333333333333,2024,3,13,31,19,0.0559999999999999,7,0,0,0,0,0,0,0,0,0,1
14,18039903988764566,0.0107754473734847,0.0747663551401869,0.0004211634640694,0,1,1,0.2164344662348034,0.0,0.3333333333333333,2024,4,14,5,20,0.104,5,0,0,0,0,0,0,0,1,0,0
13,18022207931130873,0.0185876467192611,0.0373831775700934,0.0029481442484864,1,0,1,0.2219540331883929,0.1111111111111111,0.3333333333333333,2024,4,14,5,21,0.1733333333333333,5,0,0,0,0,0,0,0,1,0,0
12,17882394081029404,0.0194920146238214,0.014018691588785,0.0103711503027112,0,1,1,0.2318750554618865,0.0277777777777777,0.6666666666666666,2024,4,15,9,17,0.0746666666666666,2,0,0,0,0,1,0,0,0,0,0
11,17864953023100503,0.0069463151818356,0.0186915887850467,0.0020531718873387,1,0,1,0.0,0.0,0.3333333333333333,2024,4,15,11,15,0.0266666666666666,4,1,0,0,0,0,0,1,0,0,0
10,18017001134269293,0.0087935347315759,0.0186915887850467,0.0006317451961042,0,1,1,0.0,0.0,0.3333333333333333,2024,4,15,11,23,0.136,4,1,0,0,0,0,0,1,0,0,0
9,17989428605635812,0.0108139311141042,0.0,0.0023690444853908,0,1,1,0.0,0.0,0.3333333333333333,2024,4,15,13,16,0.0666666666666666,6,1,0,0,0,0,0,0,0,1,0
8,17957546867759669,0.0116990571483548,0.0,0.0019478810213214,1,0,1,0.1499334457360901,0.0,0.3333333333333333,2024,4,15,13,20,0.072,6,0,0,0,0,0,0,0,0,1,0
7,18092878945411567,0.0251491244949009,0.0,0.0018952355883127,0,1,1,0.2144112166119442,0.0277777777777777,0.3333333333333333,2024,4,16,15,20,0.12,1,0,0,0,1,0,0,0,0,0,0
6,17842544964211166,0.0189724841254569,0.0093457943925233,0.0077388786522769,1,0,1,0.2523915165498269,0.0277777777777777,0.6666666666666666,2024,4,16,16,18,0.2239999999999999,2,0,0,0,0,1,0,0,0,0,0
5,18033754969757587,0.0245141427746777,0.02803738317757,0.0026322716504343,0,1,1,0.2540243144910817,0.0833333333333333,0.3333333333333333,2024,4,16,16,22,0.1733333333333333,2,0,0,0,0,1,0,0,0,0,0
4,18433024795008112,0.9028285549355398,0.0186915887850467,0.0151618847065017,1,0,1,0.0,0.0,0.3333333333333333,2024,4,16,16,23,0.0773333333333333,2,1,0,0,0,1,0,0,0,0,0
3,17992541033425490,0.0126226669232249,0.0186915887850467,0.0018952355883127,1,0,1,0.2460200550181915,0.0,0.3333333333333333,2024,4,16,18,2,0.0933333333333333,4,0,0,0,0,0,0,1,0,0,0
2,17914903361918938,0.0167981527804502,0.02803738317757,0.0017372992892866,0,1,1,0.0,0.0,0.3333333333333333,2024,4,16,18,19,0.1733333333333333,4,1,0,0,0,0,0,1,0,0,0
1,18332744740187372,0.0210890898595343,0.02803738317757,0.0082653329823637,0,1,1,0.0,0.0,0.6666666666666666,2024,4,16,20,13,0.1066666666666666,6,1,0,0,0,0,0,0,0,1,0
25,18204684652303782,0.0334808543390417,0.0654205607476635,0.0037904711766254,1,0,1,0.2840358505634928,0.0,0.3333333333333333,2024,4,17,22,15,0.1093333333333333,1,0,0,0,1,0,0,0,0,0,0
24,17978530313647541,0.0170098133538579,0.0607476635514018,0.003685180310608,0,1,1,0.2474221315112254,0.0277777777777777,0.3333333333333333,2024,4,17,22,20,0.0613333333333333,1,0,0,0,1,0,0,0,0,0,0
23,18049595050651468,0.0172599576678853,0.0093457943925233,0.0070018425901553,0,1,1,0.2562605377584523,0.0277777777777777,0.6666666666666666,2024,4,17,23,16,0.0906666666666666,2,0,0,0,0,1,0,0,0,0,0
22,18049993039567819,0.007754473734847,0.0046728971962616,0.004685443537773,1,0,1,0.0,0.0,0.3333333333333333,2024,4,17,24,15,0.0666666666666666,3,1,0,0,0,0,1,0,0,0,0
21,17900734922905154,0.0211852992110833,0.0560747663551401,0.0021058173203474,1,0,1,0.2489129470228059,0.0,0.6666666666666666,2024,4,17,25,16,0.2053333333333333,4,0,0,0,0,0,0,1,0,0,0
20,17953164581785920,0.0273042139695978,0.0794392523364486,0.0040536983416688,0,1,1,0.196769899724909,0.0555555555555555,0.3333333333333333,2024,4,17,25,19,0.0986666666666666,4,0,0,0,0,0,0,1,0,0,0
19,17897027438994728,0.0228978256686549,0.0186915887850467,0.0035798894445906,1,0,1,0.1977637767326293,0.0277777777777777,0.3333333333333333,2024,4,17,26,17,0.36,5,0,0,0,0,0,0,0,1,0,0
18,17851899345180585,0.0179526649990379,0.0093457943925233,0.0030534351145038,0,1,1,0.2421155382021474,0.0,0.3333333333333333,2024,4,17,26,20,0.1786666666666666,5,0,0,0,0,0,0,0,1,0,0
17,18033862801916442,0.0320569559361169,0.0794392523364486,0.0048960252698078,0,1,1,0.2901055994320702,0.1666666666666666,0.6666666666666666,2024,4,17,28,18,0.104,7,0,0,0,0,0,0,0,0,0,1
16,18031950991982099,0.0118145083702135,0.0046728971962616,0.0026322716504343,0,1,1,0.2240305262223799,0.0,0.6666666666666666,2024,4,18,30,19,0.1333333333333333,2,0,0,0,0,1,0,0,0,0,0
15,17877481380011932,0.0152972868962863,0.0420560747663551,0.0010529086601737,1,0,1,0.168834856686485,0.0,0.3333333333333333,2024,5,18,2,0,0.0453333333333333,4,0,0,0,0,0,0,1,0,0,0
14,18048355354633982,0.0360207812199345,0.0327102803738317,0.0024743353514082,1,0,1,0.2387434554973821,0.0277777777777777,0.3333333333333333,2024,5,18,5,23,0.2133333333333333,7,0,0,0,0,0,0,0,0,0,1
13,18005332844587551,0.0175485857225322,0.1261682242990654,0.0008949723611476,1,0,1,0.23153784719141,0.0,0.3333333333333333,2024,5,19,8,15,0.1546666666666666,3,0,0,0,0,0,1,0,0,0,0
12,17986306493662107,0.0144891283432749,0.0,0.0006317451961042,1,0,1,0.1558789599787026,0.0,0.3333333333333333,2024,5,19,11,17,0.0586666666666666,6,0,0,0,0,0,0,0,0,1,0
11,17885048889043281,0.0187030979411198,0.0,0.0004738088970781,1,0,1,0.1993255834590469,0.0555555555555555,0.3333333333333333,2024,5,19,11,23,0.072,6,0,0,0,0,0,0,0,0,1,0
10,17963505479623187,0.0161246873196074,0.0,0.0054224795998947,1,0,1,0.1935575472535273,0.0,0.3333333333333333,2024,5,19,12,19,0.072,7,0,0,0,0,0,0,0,0,0,1
9,18038829610849675,0.0107562055031749,0.0093457943925233,0.0006843906291129,1,0,1,0.0,0.0,0.3333333333333333,2024,5,20,14,21,0.0773333333333333,2,1,0,0,0,1,0,0,0,0,0
8,18089174890439318,0.0259957667885318,0.1308411214953271,0.0325348775993682,1,0,1,0.3657289910373591,0.1111111111111111,0.3333333333333333,2024,5,20,15,18,0.0613333333333333,3,0,0,0,0,0,1,0,0,0,0
7,17881958448059105,0.0154897055993842,0.0093457943925233,0.0010529086601737,0,1,1,0.1858904960511136,0.0277777777777777,0.3333333333333333,2024,5,20,16,21,0.176,4,0,0,0,0,0,0,1,0,0,0
6,18130142134339429,0.0141620165480084,0.02803738317757,0.001842590155304,1,0,1,0.2278285562161682,0.1111111111111111,0.3333333333333333,2024,5,20,19,0,0.088,7,0,0,0,0,0,0,0,0,0,1
5,18000835850553228,0.0131421974215893,0.0046728971962616,0.00200052645433,0,1,1,0.0,0.0,0.3333333333333333,2024,5,21,20,18,0.12,1,1,0,0,1,0,0,0,0,0,0
4,18002860487333046,0.0086203578987877,0.014018691588785,0.0025269807844169,1,0,1,0.0,0.0,0.3333333333333333,2024,5,21,25,1,0.1013333333333333,6,1,0,0,0,0,0,0,0,1,0
3,18013845317146515,0.0126996344044641,0.1962616822429906,0.0005264543300868,1,0,0,0.229159641494365,0.0277777777777777,0.0,2024,6,22,1,0,0.032,6,0,0,0,0,0,0,0,0,1,0
2,18266902144234768,0.0106407542813161,0.0186915887850467,0.0004211634640694,1,0,1,0.1728636081284941,0.0,0.3333333333333333,2024,6,23,6,23,0.0906666666666666,4,0,0,0,0,0,0,1,0,0,0
1,18080660428473726,0.0036174716182412,0.0186915887850467,0.0037378257436167,0,1,1,0.0,0.0,0.3333333333333333,2024,6,23,8,0,0.1066666666666666,6,1,0,0,0,0,0,0,0,1,0
25,17960074817779833,0.0,0.0,0.0007896814951302,1,0,1,0.0942763333037536,0.0,0.3333333333333333,2024,6,23,8,15,0.368,6,0,0,0,0,0,0,0,0,1,0
24,17999257238383720,0.017471618241293,0.0093457943925233,0.0014740721242432,0,1,1,0.1859969828733694,0.0,0.3333333333333333,2024,6,23,8,18,0.1653333333333333,6,0,0,0,0,0,0,0,0,1,0
23,18097157707420974,0.0181450837021358,0.0373831775700934,0.0048960252698078,0,1,1,0.2261957582749134,0.0277777777777777,0.3333333333333333,2024,6,23,9,16,0.3173333333333333,7,0,0,0,0,0,0,0,0,0,1
22,18188281915292923,0.0101981912641908,0.014018691588785,0.0022637536193735,0,1,1,0.1818972402165232,0.0,0.3333333333333333,2024,6,23,9,17,0.0533333333333333,7,0,0,0,0,0,0,0,0,0,1
21,17919187112923622,0.0194920146238214,0.0327102803738317,0.0100026322716504,0,1,1,0.0,0.0,0.3333333333333333,2024,6,24,10,21,0.1146666666666666,1,1,0,0,1,0,0,0,0,0,0
20,17870181039072499,0.01214162016548,0.0,0.0024743353514082,1,0,1,0.1736622592954121,0.0,0.3333333333333333,2024,6,24,12,0,0.0853333333333333,3,0,0,0,0,0,1,0,0,0,0
19,18038783587757128,0.0090244371752934,0.0420560747663551,5.26454330086865e-05,1,0,1,0.2009938770077202,0.0,0.3333333333333333,2024,6,24,15,22,0.08,6,0,0,0,0,0,0,0,0,1,0
18,18032636810043421,0.0206080431017894,0.014018691588785,0.0033166622795472,0,1,1,0.2127429230632709,0.0833333333333333,0.3333333333333333,2024,6,24,16,16,0.0533333333333333,7,0,0,0,0,0,0,0,0,0,1
17,18230272360285708,0.0855878391379642,0.3130841121495327,0.0323242958673335,1,0,1,0.0,0.0,0.3333333333333333,2024,6,25,21,14,0.1146666666666666,5,1,0,0,0,0,0,0,1,0,0
16,18028007237147319,0.0376178564556474,0.0981308411214953,0.0259541984732824,0,1,1,0.0,0.0,0.3333333333333333,2024,6,25,21,15,0.0106666666666666,5,1,0,0,0,0,0,0,1,0,0
15,17938853444746814,0.0361554743121031,0.0514018691588785,0.0098446959726243,1,0,1,0.2479900612299228,0.1111111111111111,0.3333333333333333,2024,6,25,22,2,0.0559999999999999,6,0,0,0,0,0,0,0,0,1,0
14,18035002093995345,0.0253415431979988,0.02803738317757,0.003685180310608,0,1,1,0.2181914988020232,0.0555555555555555,0.3333333333333333,2024,6,25,23,22,0.2213333333333333,7,0,0,0,0,0,0,0,0,0,1
13,17872699875102666,0.0831441216086203,0.1588785046728972,0.0271123979994735,0,1,1,0.0,0.0,0.3333333333333333,2024,6,26,24,21,0.048,1,1,0,0,1,0,0,0,0,0,0
12,18022090544262626,0.0213392341735616,0.116822429906542,0.0068965517241379,0,1,1,0.0,0.0,0.3333333333333333,2024,6,26,29,16,0.2453333333333333,6,1,0,0,0,0,0,0,0,1,0
11,18132247657352744,0.0116990571483548,0.0046728971962616,0.0007370360621216,1,0,1,0.1565178809122371,0.1111111111111111,0.3333333333333333,2024,7,27,4,16,0.0559999999999999,4,0,0,0,0,0,0,1,0,0,0
10,18003678662355971,0.0228401000577256,0.0327102803738317,0.0026322716504343,1,0,1,0.236844440500488,0.0,0.3333333333333333,2024,7,28,8,21,0.0613333333333333,1,0,0,0,1,0,0,0,0,0,0
9,17980808885571598,0.0290167404271695,0.0327102803738317,0.0042642800737036,0,1,1,0.3302688792261957,0.0555555555555555,0.3333333333333333,2024,7,28,9,17,0.1066666666666666,2,0,0,0,0,1,0,0,0,0,0
8,18039263536790448,0.0248604964402539,0.0093457943925233,0.0035798894445906,0,1,1,0.201526311118999,0.0,0.3333333333333333,2024,7,28,10,15,0.0906666666666666,3,0,0,0,0,0,1,0,0,0,0
7,18032685272476509,0.0298248989801808,0.0046728971962616,0.0091076599105027,0,1,1,0.2402342710089626,0.1111111111111111,0.3333333333333333,2024,7,28,11,15,0.0613333333333333,4,0,0,0,0,0,0,1,0,0,0
6,18266807683244819,0.0164325572445641,0.0327102803738317,0.0043695709397209,0,1,1,0.2148549117046765,0.0,0.3333333333333333,2024,7,28,11,22,0.08,4,0,0,0,0,0,0,1,0,0,0
5,18021785975346749,0.0111025591687512,0.0093457943925233,0.0016320084232692,0,1,1,0.0,0.0,0.3333333333333333,2024,7,28,12,16,0.0773333333333333,5,1,0,0,0,0,0,0,1,0,0
4,18029782565319658,0.0046372907446603,0.02803738317757,0.0002105817320347,1,0,1,0.1984914366847102,0.0,0.3333333333333333,2024,7,28,13,20,0.08,6,0,0,0,0,0,0,0,0,1,0
3,18332347858126069,0.0143736771214162,0.02803738317757,0.0019478810213214,1,0,1,0.0,0.0,0.3333333333333333,2024,7,28,13,22,0.0693333333333333,6,1,0,0,0,0,0,0,0,1,0
2,17949429086814147,0.0248604964402539,0.0420560747663551,0.0192155830481705,1,0,1,0.0,0.0,0.3333333333333333,2024,7,28,14,20,0.0506666666666666,7,1,0,0,0,0,0,0,0,0,1
1,17860429017147130,0.0346161246873196,0.0186915887850467,0.0132666491181889,1,0,1,0.0,0.0,0.3333333333333333,2024,7,29,17,21,0.0906666666666666,3,1,0,0,0,0,1,0,0,0,0
25,18030617329952234,0.0182412930536848,0.0186915887850467,0.0021584627533561,0,1,1,0.0,0.0,0.3333333333333333,2024,7,29,21,17,0.088,7,1,0,0,0,0,0,0,0,0,1
24,18069939319543010,0.0138541466230517,0.0046728971962616,0.000157936299026,1,0,1,0.172615138876564,0.0,0.3333333333333333,2024,7,30,24,1,0.192,3,0,0,0,0,0,1,0,0,0,0
23,17878037304079658,0.0187608235520492,0.0046728971962616,0.0035272440115819,1,0,1,0.1657289910373591,0.0,0.3333333333333333,2024,7,30,27,18,0.0586666666666666,6,0,0,0,0,0,0,0,0,1,0
22,18001534226447913,0.0200115451221858,0.0514018691588785,0.0073177151882074,0,1,1,0.2339870441032922,0.0277777777777777,0.3333333333333333,2024,7,30,28,21,0.112,7,0,0,0,0,0,0,0,0,0,1
21,18065447284602918,0.0212430248220127,0.02803738317757,0.0041589892076862,1,0,1,0.2092821013399591,0.0277777777777777,0.3333333333333333,2024,7,31,30,14,0.0293333333333333,2,0,0,0,0,1,0,0,0,0,0
20,18024728180350171,0.0260342505291514,0.0046728971962616,0.005527770465912,1,0,1,0.2091223711065755,0.1388888888888889,0.3333333333333333,2024,7,31,30,20,0.0853333333333333,2,0,0,0,0,1,0,0,0,0,0
19,17881732575035479,0.0139888397152203,0.0,0.0023163990523822,0,1,1,0.14217765551513,0.0,0.3333333333333333,2024,8,31,1,22,0.0746666666666666,4,0,0,0,0,0,0,1,0,0,0
18,18053604910685572,0.008870502212815,0.0093457943925233,0.0103711503027112,0,1,1,0.1294524802555683,0.0277777777777777,0.3333333333333333,2024,8,31,2,17,0.1253333333333333,5,0,0,0,0,0,0,0,1,0,0
17,17955803432689916,0.0104483355782182,0.0186915887850467,0.0012634903922084,0,1,1,0.1298961753483006,0.0,0.3333333333333333,2024,8,31,3,1,0.08,6,0,0,0,0,0,0,0,0,1,0
16,17947889024726358,0.0231287281123725,0.0233644859813084,0.0010529086601737,1,0,1,0.1772828112521075,0.0,0.3333333333333333,2024,8,31,3,18,0.0933333333333333,6,0,0,0,0,0,0,0,0,1,0
15,18040405567821062,0.0163363478930152,0.0186915887850467,0.0002105817320347,1,0,1,0.1801757032567219,0.0555555555555555,0.3333333333333333,2024,8,31,3,23,0.1733333333333333,6,0,0,0,0,0,0,0,0,1,0
14,18044930461904983,0.0054454492976717,0.0,0.0003685180310608,1,0,1,0.1133729700949507,0.0555555555555555,0.3333333333333333,2024,8,31,4,20,0.104,7,0,0,0,0,0,0,0,0,0,1
13,18010700051564409,0.0101404656532614,0.0093457943925233,0.0033166622795472,1,0,1,0.1565178809122371,0.0833333333333333,0.3333333333333333,2024,8,32,6,17,0.072,2,0,0,0,0,1,0,0,0,0,0
12,18003286235433979,0.0054839330382913,0.0233644859813084,0.0045801526717557,1,0,1,0.1455852338273138,0.0,0.3333333333333333,2024,8,32,9,2,0.248,5,0,0,0,0,0,0,0,1,0,0
11,18270935965246373,0.0134115836059264,0.0327102803738317,0.0061595156620163,1,0,1,0.1883041973555772,0.0,0.3333333333333333,2024,8,32,9,20,0.1599999999999999,5,0,0,0,0,0,0,0,1,0,0
10,17937695561771452,0.0274196651914566,0.0233644859813084,0.0022111081863648,1,0,1,0.2128671576892359,0.0277777777777777,0.3333333333333333,2024,8,32,11,17,0.2933333333333333,7,0,0,0,0,0,0,0,0,0,1
9,18068464909515122,0.0047335000962093,0.0046728971962616,0.0008949723611476,1,0,1,0.1497382198952879,0.0555555555555555,0.6666666666666666,2024,8,33,12,15,0.1226666666666666,1,0,0,0,1,0,0,0,0,0,0
8,18027176714201376,0.0131421974215893,0.0,0.0025269807844169,1,0,1,0.1423196379448043,0.0,0.3333333333333333,2024,8,33,13,17,0.0506666666666666,2,0,0,0,0,1,0,0,0,0,0
7,18045354709921979,0.0273042139695978,0.0654205607476635,0.0083179784153724,0,1,1,0.2296920756056438,0.0555555555555555,0.3333333333333333,2024,8,33,14,21,0.0906666666666666,3,0,0,0,0,0,1,0,0,0,0
6,18016972460219673,0.0037906484510294,0.0,0.0008949723611476,0,1,1,0.0,0.0,0.3333333333333333,2024,8,33,17,19,0.1093333333333333,6,1,0,0,0,0,0,0,0,1,0
5,18044586667769477,0.0264575716759669,0.0327102803738317,0.0042116346406949,1,0,1,0.2926080397550803,0.1388888888888889,0.3333333333333333,2024,8,34,19,0,0.12,1,0,0,0,1,0,0,0,0,0,0
4,17905501736932884,0.002520685010583,0.0046728971962616,0.0012108449591997,0,1,1,0.0957671488153341,0.0,0.3333333333333333,2024,8,34,20,18,0.0533333333333333,2,0,0,0,0,1,0,0,0,0,0
3,17928003893924011,0.0391956898210506,0.0373831775700934,0.0071597788891813,1,0,1,0.3298074363297542,0.1111111111111111,0.3333333333333333,2024,8,34,21,15,0.1493333333333333,3,0,0,0,0,0,1,0,0,0,0
2,18450272431023871,0.0329228401000577,0.0794392523364486,0.0041063437746775,0,1,1,0.343579732008164,0.1666666666666666,0.3333333333333333,2024,8,34,22,18,0.2106666666666666,4,0,0,0,0,0,0,1,0,0,0
1,18320719594198826,0.0276890513757937,0.0794392523364486,5.26454330086865e-05,0,1,1,0.2596858638743455,0.0277777777777777,0.3333333333333333,2024,8,34,23,15,0.104,5,0,0,0,0,0,0,0,1,0,0
25,18030208862021471,0.0158168173946507,0.0700934579439252,0.0,1,0,1,0.2336320880291064,0.0277777777777777,0.3333333333333333,2024,8,34,23,17,0.0053333333333333,5,0,0,0,0,0,0,0,1,0,0
24,17975923904758604,0.0132576486434481,0.0093457943925233,0.0,1,0,1,0.1807436329754193,0.0277777777777777,0.3333333333333333,2024,8,34,23,21,0.0586666666666666,5,0,0,0,0,0,0,0,1,0,0
23,18023741321362973,0.0342890128920531,0.0,0.0,1,0,1,0.2488774514153873,0.0277777777777777,0.3333333333333333,2024,8,34,24,16,0.0933333333333333,6,0,0,0,0,0,0,0,0,1,0
22,18075106333552576,0.0256686549932653,0.0,0.0056330613319294,1,0,1,0.0,0.0,0.3333333333333333,2024,8,34,24,19,0.0586666666666666,6,1,0,0,0,0,0,0,0,1,0
21,18053245648753573,0.0202809313065229,0.0,0.000157936299026,1,0,1,0.2512201615050137,0.0277777777777777,0.3333333333333333,2024,8,34,25,17,0.064,7,0,0,0,0,0,0,0,0,0,1
20,17947455485736205,0.0180103906099672,0.0,0.0,1,0,1,0.2239417872038335,0.3055555555555555,0.3333333333333333,2024,8,34,25,20,0.0426666666666666,7,0,0,0,0,0,0,0,0,0,1
19,18053312368825134,0.0242255147200307,0.0093457943925233,5.26454330086865e-05,1,0,1,0.2381400301712663,0.0555555555555555,0.3333333333333333,2024,8,34,25,23,0.1653333333333333,7,0,0,0,0,0,0,0,0,0,1
18,18072090502499145,0.009717144506446,0.0046728971962616,0.0,1,0,1,0.1163546011181116,0.0277777777777777,0.3333333333333333,2024,8,35,26,12,0.088,1,0,0,0,1,0,0,0,0,0,0
17,17949065939729145,0.0216278622282085,0.0514018691588785,0.0001052908660173,1,0,1,0.2282899991126098,0.0,0.3333333333333333,2024,8,35,26,19,0.0959999999999999,1,0,0,0,1,0,0,0,0,0,0
16,18063409603716563,0.0041562439869155,0.0093457943925233,0.0,1,0,1,0.1575827491347945,0.0833333333333333,0.3333333333333333,2024,8,35,27,0,0.0906666666666666,2,0,0,0,0,1,0,0,0,0,0
15,18040491239300125,0.0127573600153934,0.0046728971962616,0.0,1,0,1,0.1647528618333481,0.0,0.3333333333333333,2024,8,35,27,15,0.08,2,0,0,0,0,1,0,0,0,0,0
14,18354927772112051,0.0309216855878391,0.0373831775700934,5.26454330086865e-05,0,1,1,0.3070724997781524,0.1111111111111111,0.3333333333333333,2024,8,35,27,18,0.2053333333333333,2,0,0,0,0,1,0,0,0,0,0
13,18060291313714200,0.0131037136809697,0.0,0.0002105817320347,1,0,1,0.1987399059366403,0.0277777777777777,0.6666666666666666,2024,8,35,27,21,0.0933333333333333,2,0,0,0,0,1,0,0,0,0,0
12,17847421725264949,0.0212815085626322,0.014018691588785,0.0005264543300868,0,1,0,0.0,0.0,0.0,2024,8,35,28,3,0.2613333333333333,3,1,0,0,0,0,1,0,0,0,0
11,18090222133466456,0.0216086203578987,0.0,0.0003685180310608,0,1,1,0.1849143668471026,0.0,0.3333333333333333,2024,8,35,28,19,0.088,3,0,0,0,0,0,1,0,0,0,0
10,18283399069225956,0.0270925533961901,0.0,0.000157936299026,0,1,1,0.1959357529505723,0.0,0.3333333333333333,2024,8,35,28,22,0.0399999999999999,3,0,0,0,0,0,1,0,0,0,0
9,18080968216514165,0.0114296709640177,0.0093457943925233,0.0012108449591997,0,1,1,0.0,0.0,0.3333333333333333,2024,8,35,29,1,0.0826666666666666,4,1,0,0,0,0,0,1,0,0,0
8,18068804845526296,0.022705406965557,0.014018691588785,0.0002105817320347,1,0,1,0.2162569881977105,0.1111111111111111,0.3333333333333333,2024,8,35,29,14,0.0933333333333333,4,0,0,0,0,0,0,1,0,0,0
7,18015090167574667,0.0215124110063498,0.0,0.0004211634640694,0,1,1,0.2452923950661105,0.0,0.3333333333333333,2024,8,35,29,19,0.0746666666666666,4,0,0,0,0,0,0,1,0,0,0
6,18430124485064160,0.0296517221473927,0.02803738317757,0.0027375625164516,1,0,1,0.2833969296299582,0.0833333333333333,0.3333333333333333,2024,8,35,29,20,0.104,4,0,0,0,0,0,0,1,0,0,0
5,18031581299191048,0.0226669232249374,0.0,0.0034745985785733,1,0,1,0.2873546898571302,0.2777777777777778,0.3333333333333333,2024,8,35,30,2,0.104,5,0,0,0,0,0,0,0,1,0,0
4,18024233774519061,0.0221089089859534,0.0233644859813084,0.0043695709397209,1,0,1,0.0,0.0,0.3333333333333333,2024,8,35,30,20,0.0666666666666666,5,1,0,0,0,0,0,0,1,0,0
3,18015849008529567,0.0136232441793342,0.0046728971962616,0.0013687812582258,0,1,1,0.166882598278463,0.0,0.3333333333333333,2024,8,35,31,0,0.0693333333333333,6,0,0,0,0,0,0,0,0,1,0
2,18032169395007664,0.0446603809890321,0.0420560747663551,0.0056330613319294,1,0,1,0.0,0.0,0.3333333333333333,2024,8,35,31,18,0.0986666666666666,6,1,0,0,0,0,0,0,0,1,0
1,18029832107049350,0.0341735616701943,0.116822429906542,0.0085285601474072,1,0,1,0.4824385482296566,0.1666666666666666,0.3333333333333333,2024,8,35,31,22,0.1173333333333333,6,0,0,0,0,0,0,0,0,1,0
